master_person_id,full_name,city,reported_address,address_id,phone_number,declared_income_pkr,tax_paid_pkr,filer_status,occupation,income_source,wealth_source,years_as_nonfiler,has_bank_account,fbr_id,vehicle_count,max_vehicle_cc,vehicle_make_model,import_type,declared_import_value_pkr,vehicle_registration_year,property_count,total_property_value,area_marla,registry_type,registry_no,noc_status,transfer_count,years_active,property_transfer_year,buyer_name,avg_monthly_bill_pkr,annual_utility_bill,total_asset_value,deviation_score,risk_category,top_risk_factor,total_assets_val
PK-0000,Ch. Muhammad Arshad,Lahore,"Plot 14, DHA Phase 6, Lahore",UNKNOWN,0300-1112223,0.0,0.0,Non-ATL,Businessman,Cash,Cash,5,False,FBR-7712,1,3000.0,Toyota Land Cruiser,Baggage Scheme,20000.0,2025,1,2500000.0,20.0,File,,Approved,1,2,2025,,280000.0,3360000.0,17500000.0,89.1,CRITICAL,"Dc Underinvoicing, Vehicle Underinvoicing, Benami Proxy",17500000.0
PK-0001,Farhan Ahmed,Lahore,"House 5, Street 2, Gulberg III, Lahore",UNKNOWN,0300-0000001,0.0,0.0,Non-ATL,Businessman,Cash,Cash,4,False,FBR-9012,2,2700.0,Toyota Corolla,Local,0.0,2024,1,80000000.0,20.0,Registry,,Approved,1,2,2025,,120000.0,1440000.0,100000000.0,77.9,HIGH,"Hawala Signature, Dc Underinvoicing, Benami Proxy",100000000.0
PK-0002,Rabia Ahmed,Lahore,"House 5, Street 2, Gulberg III, Lahore",UNKNOWN,0300-0000002,0.0,0.0,Non-ATL,Housewife,,Gift,3,True,FBR-9013,1,1800.0,Honda Civic,Local,0.0,2023,0,0.0,0.0,,,Approved,0,2,2020,,0.0,0.0,5000000.0,34.8,LOW,"Benami Proxy, Nonfiler Surcharge",5000000.0
PK-0003,Bashir Ahmed,Lahore,"Servant Quarter, House 5, Street 2, Gulberg III, Lahore",UNKNOWN,0300-0000004,180000.0,0.0,Non-ATL,Driver,Salary,Cash,1,False,FBR-9015,1,2000.0,Toyota Prado,Local,0.0,2025,0,0.0,0.0,,,Approved,0,2,2020,,0.0,0.0,8000000.0,44.1,LOW,"Benami Proxy, Nonfiler Surcharge",8000000.0
PK-0004,Syed Bilal Hassan,Rawalpindi,"Sector C, Bahria Town, Rawalpindi",UNKNOWN,0321-5556667,600000.0,15000.0,ATL,Businessman,Salary,Foreign Remittance,0,True,FBR-5124,1,1800.0,Honda Civic,Local,0.0,2021,2,33000000.0,22.0,Transfer Letter,,Approved,2,2,2025,,0.0,0.0,38000000.0,62.2,MEDIUM,"Dc Underinvoicing, Section 111 Abuse, File Trading",38000000.0
PK-0005,Dr. Ayesha Malik,Islamabad,"Bahria Town Phase 7, Islamabad",UNKNOWN,0333-9998887,2400000.0,240000.0,ATL,Doctor,Agriculture,Gift,0,True,FBR-1189,1,2700.0,Toyota Fortuner,Local,0.0,2024,1,30000000.0,8.0,Registry,,Approved,1,2,2025,,95000.0,1140000.0,40000000.0,57.4,MEDIUM,"Dc Underinvoicing, Gift Declaration, Agri Shield",40000000.0
PK-0006,Haji Abdul Razzaq,Karachi,"Pechs Block 2, Karachi",UNKNOWN,0345-4443332,0.0,0.0,Non-ATL,Retired,,Cash,7,False,FBR-3321,0,0.0,,Local,0.0,2020,1,80000000.0,40.0,Registry,,Approved,1,2,2025,,150000.0,1800000.0,80000000.0,82.8,CRITICAL,"Benami Proxy, Hawala Signature, Dc Underinvoicing",80000000.0
PK-0007,Tariq Mehmood,Peshawar,"Phase 2, Hayatabad, Peshawar",UNKNOWN,0312-8887776,1200000.0,60000.0,ATL,Importer,Business,Savings,0,True,FBR-8890,1,3444.0,Toyota Land Cruiser,Regular Import,17635.0,2025,0,0.0,0.0,,,Approved,0,2,2020,,48718.0,584616.0,15000000.0,31.6,LOW,Vehicle Underinvoicing,15000000.0
PK-0008,Malik Pervaiz Akhtar,Faisalabad,"Block B, Green Valley Housing Scheme, Faisalabad",UNKNOWN,0301-9988776,500000.0,10000.0,Non-ATL,Retired,Prize Bond,Prize Bond,3,True,FBR-6677,2,2400.0,Toyota Hilux,Baggage Scheme,80000.0,2024,1,8000000.0,10.0,File,,Unapproved,1,2,2025,,15768.0,189216.0,24000000.0,64.3,MEDIUM,"Benami Proxy, Dc Underinvoicing, Vehicle Underinvoicing",24000000.0
PK-0009,Ali Raza,Islamabad,"Flat 4, Block D, I-8, Islamabad",UNKNOWN,0322-7776665,1800000.0,180000.0,ATL,Engineer,Salary,Savings,0,True,FBR-4412,1,660.0,Suzuki Alto,Local,850000.0,2021,0,0.0,0.0,,,Approved,0,2,2020,,17161.0,205932.0,800000.0,0.1,COMPLIANT,Lifestyle / Income Mismatch,800000.0
PK-0010,Waseem Butt,Islamabad,"House 43, G-10, Islamabad",UNKNOWN,0325-1474700,960000.0,96000.0,ATL,Unemployed,Salary,Gift,0,True,FBR-1095,1,1500.0,Toyota Yaris,Imported,0.0,2021,1,4614066.0,20.0,File,,Approved,1,2,2025,,20725.0,248700.0,7614066.0,55.4,MEDIUM,"Benami Proxy, Dc Underinvoicing, File Trading",7614066.0
PK-0011,Fatima Ahmed,Karachi,"House 117, Johar Town, Karachi",UNKNOWN,0330-7055669,480000.0,48000.0,Non-ATL,Unemployed,Salary,Gift,5,True,FBR-1013,1,2000.0,Toyota Prado,Local,0.0,2016,0,0.0,0.0,,,Approved,0,2,2020,,37027.0,444324.0,8000000.0,46.9,MEDIUM,"Benami Proxy, Nonfiler Surcharge, Gift Declaration",8000000.0
PK-0012,Bilal Hassan,Lahore,"House 10, Johar Town, Lahore",UNKNOWN,0316-3775000,1800000.0,180000.0,ATL,Clerk,Agriculture,Gift,0,True,FBR-1014,1,2700.0,Toyota Fortuner,Local,0.0,2016,1,12000000.0,8.0,File,,Approved,1,2,2025,,56871.0,682452.0,22000000.0,63.6,MEDIUM,"Benami Proxy, Dc Underinvoicing, Gift Declaration",22000000.0
PK-0013,Hamza Abbasi,Peshawar,"House 127, Clifton, Peshawar",UNKNOWN,0327-8217544,1800000.0,180000.0,ATL,Teacher,Business,Cash,0,True,FBR-1117,17,3000.0,Toyota Corolla Grande,Local,0.0,2026,11,137000714.0,122.0,Allotment Letter,,Approved,11,2,2025,,30397.29411764706,364767.5294117647,392000714.0,93.6,CRITICAL,"Dc Underinvoicing, Property Flipping, File Trading",392000714.0
PK-0014,Ayesha Nawaz,Lahore,"House 126, Nazimabad, Lahore",UNKNOWN,0320-2679224,960000.0,96000.0,Non-ATL,Doctor,Salary,Gift,5,True,FBR-1016,1,3000.0,Toyota Land Cruiser,Local,0.0,2024,1,19052372.0,10.0,Registry,,Unapproved,1,2,2025,,12360.0,148320.0,34052372.0,64.1,MEDIUM,"Dc Underinvoicing, Gift Declaration, Nonfiler Surcharge",34052372.0
PK-0015,Ali Ahmed,Islamabad,"House 93, Hayatabad, Islamabad",UNKNOWN,0328-4994012,480000.0,48000.0,Non-ATL,Unemployed,Salary,Gift,2,True,FBR-1419,5,2700.0,Toyota Prado,Imported,0.0,2026,4,71445411.0,46.0,Transfer Letter,,Approved,4,2,2025,,31453.666666666668,377444.0,121445411.0,74.5,HIGH,"Benami Proxy, Dc Underinvoicing, Hawala Signature",121445411.0
PK-0016,Amna Rizvi,Lahore,"House 106, Hayatabad, Lahore",UNKNOWN,0336-1537805,960000.0,96000.0,ATL,Teacher,Agriculture,Prize Bond,0,False,FBR-1443,2,2700.0,Toyota Yaris,Imported,0.0,2025,1,10099167.0,10.0,File,,Unapproved,1,2,2025,,31551.0,378612.0,30099167.0,47.9,MEDIUM,"Dc Underinvoicing, Illegal Society, Agri Shield",30099167.0
PK-0017,Zubair Siddiqui,Peshawar,"House 36, Nazimabad, Peshawar",UNKNOWN,0336-7228508,240000.0,24000.0,Non-ATL,Teacher,Agriculture,Gift,6,True,FBR-1436,3,2000.0,Toyota Prado,Local,0.0,2026,1,10371126.0,14.0,Registry,,Approved,1,2,2025,,40070.4,480844.8000000001,34371126.0,63.1,MEDIUM,"Dc Underinvoicing, Hawala Signature, Gift Declaration",34371126.0
PK-0018,Ali Baig,Karachi,"House 125, Pechs, Karachi",UNKNOWN,0325-8852739,960000.0,96000.0,Non-ATL,Housewife,Prize Bond,Cash,1,True,FBR-1277,3,2000.0,Suzuki Alto,Local,0.0,2026,2,30379486.0,24.0,Transfer Letter,,Approved,2,2,2025,,40011.333333333336,480136.0,54379486.0,64.9,MEDIUM,"Benami Proxy, Dc Underinvoicing, File Trading",54379486.0
PK-0019,Muhammad Sheikh,Faisalabad,"House 113, Clifton, Faisalabad",UNKNOWN,0340-7563734,480000.0,48000.0,Non-ATL,Retired,Agriculture,Cash,2,True,FBR-1021,1,1500.0,Toyota Yaris,Imported,0.0,2022,1,6684234.0,5.0,Registry,,Pending,1,2,2025,,30600.0,367200.0,9684234.0,48.6,MEDIUM,"Benami Proxy, Dc Underinvoicing, Illegal Society",9684234.0
PK-0020,Tariq Butt,Karachi,"House 98, Johar Town, Karachi",UNKNOWN,0326-7915463,0.0,0.0,Non-ATL,Businessman,Agriculture,Foreign Remittance,0,True,FBR-1022,2,1300.0,Suzuki WagonR,Local,0.0,2022,2,28979850.0,14.0,File,,Unapproved,2,2,2025,,39363.66666666666,472364.0,34979850.0,64.4,MEDIUM,"Dc Underinvoicing, Hawala Signature, Section 111 Abuse",34979850.0
PK-0021,Zubair Iqbal,Faisalabad,"House 80, Pechs, Faisalabad",UNKNOWN,0344-8077431,240000.0,24000.0,Non-ATL,Unemployed,Prize Bond,Savings,6,True,FBR-1061,2,2000.0,Toyota Prado,Local,0.0,2024,2,33143215.0,34.0,Transfer Letter,,Approved,2,2,2025,,18308.5,219702.0,49143215.0,65.7,HIGH,"Benami Proxy, Dc Underinvoicing, Hawala Signature",49143215.0
PK-0022,Saima Rizvi,Karachi,"House 43, Nazimabad, Karachi",UNKNOWN,0338-2972749,1800000.0,180000.0,ATL,Unemployed,Business,Prize Bond,0,False,FBR-1403,6,3000.0,Toyota Yaris,Imported,0.0,2025,6,100645585.0,74.0,Registry,,Pending,6,2,2025,,31539.25,378471.0,190645585.0,86.7,CRITICAL,"Benami Proxy, Dc Underinvoicing, Illegal Society",190645585.0
PK-0023,Hina Malik,Islamabad,"House 118, Nazimabad, Islamabad",UNKNOWN,0329-7308363,480000.0,48000.0,Non-ATL,Retired,Rental,Savings,1,True,FBR-1025,1,1800.0,Honda Civic,Imported,0.0,2026,1,14621395.0,14.0,Registry,,Approved,1,2,2025,,56448.0,677376.0,19621395.0,52.4,MEDIUM,"Benami Proxy, Dc Underinvoicing, Nonfiler Surcharge",19621395.0
PK-0024,Imran Chaudhry,Faisalabad,"House 40, F-7, Faisalabad",UNKNOWN,0334-7145680,480000.0,48000.0,Non-ATL,Engineer,Salary,Foreign Remittance,0,True,FBR-1045,5,3000.0,Toyota Fortuner,Local,0.0,2023,3,37337055.0,35.0,Allotment Letter,,Approved,3,2,2025,,26806.85714285714,321682.2857142857,112337055.0,74.9,HIGH,"Dc Underinvoicing, Hawala Signature, Section 111 Abuse",112337055.0
PK-0025,Hina Abbasi,Lahore,"House 32, Bahria Town, Lahore",UNKNOWN,0341-8898323,0.0,0.0,Non-ATL,Retired,Prize Bond,Savings,6,True,FBR-1027,1,2700.0,Toyota Fortuner,Local,0.0,2020,1,8539268.0,7.0,Registry,,Approved,1,2,2025,,59203.0,710436.0,18539268.0,63.8,MEDIUM,"Benami Proxy, Dc Underinvoicing, Nonfiler Surcharge",18539268.0
PK-0026,Bilal Mirza,Faisalabad,"House 143, Nazimabad, Faisalabad",UNKNOWN,0341-9628019,1800000.0,180000.0,ATL,Driver,Rental,Foreign Remittance,0,False,FBR-1208,2,1300.0,Toyota Corolla,Imported,0.0,2024,2,30541291.0,21.0,Transfer Letter,,Approved,2,2,2025,,43221.0,518652.0,36541291.0,66.3,HIGH,"Benami Proxy, Dc Underinvoicing, Section 111 Abuse",36541291.0
PK-0027,Bilal Abbasi,Karachi,"House 118, Pechs, Karachi",UNKNOWN,0338-2529720,240000.0,24000.0,Non-ATL,Doctor,Business,Gift,0,True,FBR-1104,2,1000.0,Suzuki WagonR,Imported,0.0,2026,2,32772971.0,21.0,File,,Approved,2,2,2025,,33445.25,401343.0,37172971.0,65.9,HIGH,"Dc Underinvoicing, Hawala Signature, Gift Declaration",37172971.0
PK-0028,Zubair Abbasi,Peshawar,"House 132, F-7, Peshawar",UNKNOWN,0342-5299632,480000.0,48000.0,Non-ATL,Doctor,Rental,Foreign Remittance,5,False,FBR-1030,1,1500.0,Toyota Yaris,Local,0.0,2022,1,28011190.0,10.0,File,,Approved,1,2,2025,,32898.0,394776.0,31011190.0,60.4,MEDIUM,"Hawala Signature, Dc Underinvoicing, Section 111 Abuse",31011190.0
PK-0029,Usman Raza,Peshawar,"House 41, Nazimabad, Peshawar",UNKNOWN,0333-1167367,3000000.0,300000.0,ATL,Engineer,Salary,Cash,0,True,FBR-1031,2,2000.0,Toyota Prado,Imported,0.0,2024,2,40632228.0,25.0,Registry,,Pending,2,2,2025,,46476.5,557718.0,56632228.0,46.3,MEDIUM,"Dc Underinvoicing, Illegal Society, Rental Concealment",56632228.0
PK-0030,Imran Qureshi,Karachi,"House 13, Johar Town, Karachi",UNKNOWN,0311-9220588,960000.0,96000.0,Non-ATL,Doctor,Salary,Foreign Remittance,5,True,FBR-1032,1,2700.0,Toyota Fortuner,Local,0.0,2024,1,22605292.0,7.0,Allotment Letter,,Pending,1,2,2025,,54919.0,659028.0,32605292.0,62.3,MEDIUM,"Dc Underinvoicing, Section 111 Abuse, File Trading",32605292.0
PK-0031,Tariq Siddiqui,Rawalpindi,"House 102, G-10, Rawalpindi",UNKNOWN,0319-4635907,960000.0,96000.0,ATL,Doctor,Prize Bond,Gift,0,True,FBR-1033,1,1800.0,Toyota Corolla Grande,Local,0.0,2023,1,28167999.0,5.0,Transfer Letter,,Unapproved,1,2,2025,,46256.0,555072.0,33167999.0,55.2,MEDIUM,"Dc Underinvoicing, Gift Declaration, Illegal Society",33167999.0
PK-0032,Imran Butt,Karachi,"House 133, DHA, Karachi",UNKNOWN,0312-2699241,240000.0,24000.0,Non-ATL,Driver,Business,Gift,3,True,FBR-1038,2,1000.0,Suzuki WagonR,Imported,0.0,2019,1,11983144.0,14.0,Transfer Letter,,Approved,1,2,2025,,28459.666666666668,341516.0,16383144.0,62.6,MEDIUM,"Benami Proxy, Dc Underinvoicing, File Trading",16383144.0
PK-0033,Fatima Mirza,Lahore,"House 31, Hayatabad, Lahore",UNKNOWN,0330-4842336,1800000.0,180000.0,ATL,Driver,Salary,Cash,0,True,FBR-1039,1,1000.0,Suzuki WagonR,Local,0.0,2025,1,23764019.0,10.0,Registry,,Approved,1,2,2025,,33945.0,407340.0,25964019.0,42.8,LOW,"Benami Proxy, Dc Underinvoicing",25964019.0
PK-0034,Hina Hassan,Peshawar,"House 94, G-10, Peshawar",UNKNOWN,0348-5358607,0.0,0.0,Non-ATL,Housewife,Business,Cash,6,True,FBR-1239,5,2700.0,Toyota Fortuner,Local,0.0,2026,4,71195484.0,39.0,Transfer Letter,,Unapproved,4,2,2025,,29985.166666666668,359822.0,121195484.0,76.7,HIGH,"Benami Proxy, Dc Underinvoicing, Hawala Signature",121195484.0
PK-0035,Imran Nawaz,Rawalpindi,"House 112, Gulberg, Rawalpindi",UNKNOWN,0349-1687914,480000.0,48000.0,Non-ATL,Student,Agriculture,Savings,6,True,FBR-1041,1,1300.0,Honda City,Local,0.0,2021,1,3689495.0,20.0,Allotment Letter,,Approved,1,2,2025,,9899.0,118788.0,6689495.0,57.5,MEDIUM,"Benami Proxy, Dc Underinvoicing, File Trading",6689495.0
PK-0036,Ahmed Nawaz,Faisalabad,"House 83, Johar Town, Faisalabad",UNKNOWN,0346-3650960,240000.0,24000.0,Non-ATL,Housewife,Prize Bond,Savings,4,False,FBR-1381,2,2700.0,Toyota Corolla,Local,0.0,2019,1,6504895.0,10.0,File,,Approved,1,2,2025,,28330.75,339969.0,26504895.0,62.1,MEDIUM,"Benami Proxy, Hawala Signature, Dc Underinvoicing",26504895.0
PK-0037,Ali Siddiqui,Rawalpindi,"House 79, Gulberg, Rawalpindi",UNKNOWN,0319-9897994,240000.0,24000.0,Non-ATL,Student,Agriculture,Cash,0,True,FBR-1043,1,660.0,Suzuki Alto,Local,0.0,2019,1,25215481.0,5.0,Transfer Letter,,Approved,1,2,2025,,36895.0,442740.0,26015481.0,62.4,MEDIUM,"Benami Proxy, Dc Underinvoicing, Hawala Signature",26015481.0
PK-0038,Zainab Rizvi,Peshawar,"House 8, Johar Town, Peshawar",UNKNOWN,0320-1992791,1800000.0,180000.0,ATL,Student,Agriculture,Gift,0,True,FBR-1044,2,2700.0,Honda Civic,Imported,0.0,2026,2,22076420.0,19.0,File,,Approved,2,2,2025,,47581.5,570978.0,42076420.0,66.2,HIGH,"Benami Proxy, Dc Underinvoicing, Gift Declaration",42076420.0
PK-0039,Tariq Hassan,Faisalabad,"House 101, Pechs, Faisalabad",UNKNOWN,0315-1361950,240000.0,24000.0,Non-ATL,Businessman,Agriculture,Gift,1,False,FBR-1300,2,2000.0,Toyota Prado,Imported,0.0,2023,1,22743073.0,14.0,Transfer Letter,,Approved,1,2,2025,,21834.0,262008.0,38743073.0,61.9,MEDIUM,"Hawala Signature, Dc Underinvoicing, Gift Declaration",38743073.0
PK-0040,Ali Khan,Karachi,"House 32, Bahria Town, Karachi",UNKNOWN,0327-6189040,240000.0,24000.0,Non-ATL,Doctor,Business,Cash,3,True,FBR-1383,1,660.0,Suzuki Alto,Local,0.0,2026,1,17916987.0,7.0,Transfer Letter,,Approved,1,2,2025,,44268.0,531216.0,18716987.0,53.1,MEDIUM,"Dc Underinvoicing, Benami Proxy, File Trading",18716987.0
PK-0041,Nadia Baig,Islamabad,"House 106, Nazimabad, Islamabad",UNKNOWN,0336-2954180,3000000.0,300000.0,Non-ATL,Housewife,Business,Prize Bond,4,True,FBR-1066,2,2000.0,Toyota Prado,Local,0.0,2025,2,30900307.0,19.0,Transfer Letter,,Unapproved,2,2,2025,,27947.666666666668,335372.0,46900307.0,69.2,HIGH,"Benami Proxy, Dc Underinvoicing, File Trading",46900307.0
PK-0042,Fatima Khan,Islamabad,"House 117, Clifton, Islamabad",UNKNOWN,0333-9982371,3000000.0,300000.0,ATL,Student,Rental,Foreign Remittance,0,True,FBR-1050,2,2700.0,Toyota Fortuner,Local,0.0,2022,2,39340547.0,17.0,Transfer Letter,,Approved,2,2,2025,,31260.33333333333,375124.0,59340547.0,67.2,HIGH,"Benami Proxy, Dc Underinvoicing, Section 111 Abuse",59340547.0
PK-0043,Waseem Sheikh,Rawalpindi,"House 8, Pechs, Rawalpindi",UNKNOWN,0310-8928794,480000.0,48000.0,Non-ATL,Housewife,Salary,Prize Bond,3,True,FBR-1051,2,1800.0,Toyota Corolla Grande,Local,0.0,2023,2,44146039.0,28.0,Registry,,Approved,2,2,2025,,29696.666666666668,356360.0,54146039.0,63.2,MEDIUM,"Benami Proxy, Dc Underinvoicing, Hawala Signature",54146039.0
PK-0044,Hamza Mirza,Peshawar,"House 149, Clifton, Peshawar",UNKNOWN,0325-7966573,480000.0,48000.0,Non-ATL,Teacher,Rental,Foreign Remittance,2,False,FBR-1449,3,2700.0,Toyota Prado,Local,0.0,2025,2,50656957.0,30.0,File,,Unapproved,2,2,2025,,31835.75,382029.0,80656957.0,66.1,HIGH,"Hawala Signature, Dc Underinvoicing, Section 111 Abuse",80656957.0
PK-0045,Ali Iqbal,Peshawar,"House 108, Gulberg, Peshawar",UNKNOWN,0324-1132841,240000.0,24000.0,Non-ATL,Retired,Business,Gift,0,True,FBR-1053,1,1500.0,Toyota Yaris,Imported,0.0,2025,1,16567048.0,7.0,Registry,,Unapproved,1,2,2025,,46184.0,554208.0,19567048.0,60.6,MEDIUM,"Benami Proxy, Dc Underinvoicing, Illegal Society",19567048.0
PK-0046,Amna Iqbal,Lahore,"House 124, Nazimabad, Lahore",UNKNOWN,0331-1156418,480000.0,48000.0,Non-ATL,Unemployed,Salary,Savings,3,True,FBR-1054,3,1500.0,Toyota Yaris,Local,0.0,2023,2,36575091.0,25.0,Allotment Letter,,Approved,2,2,2025,,36953.5,443442.0,45575091.0,64.6,MEDIUM,"Benami Proxy, Dc Underinvoicing, Hawala Signature",45575091.0
PK-0047,Zubair Javed,Islamabad,"House 45, F-7, Islamabad",UNKNOWN,0336-2967161,1800000.0,180000.0,Non-ATL,Housewife,Rental,Gift,1,True,FBR-1055,1,2000.0,Toyota Prado,Local,0.0,2024,1,22347257.0,10.0,File,,Pending,1,2,2025,,32915.0,394980.0,30347257.0,60.9,MEDIUM,"Benami Proxy, Dc Underinvoicing, Gift Declaration",30347257.0
PK-0048,Hina Sheikh,Islamabad,"House 41, Bahria Town, Islamabad",UNKNOWN,0331-4555234,960000.0,96000.0,ATL,Housewife,Business,Gift,0,True,FBR-1255,4,2700.0,Toyota Fortuner,Local,0.0,2020,2,44492305.0,21.0,Allotment Letter,,Unapproved,2,2,2025,,29254.666666666668,351056.0,84492305.0,69.3,HIGH,"Benami Proxy, Dc Underinvoicing, Gift Declaration",84492305.0
PK-0049,Muhammad Qureshi,Rawalpindi,"House 40, F-7, Rawalpindi",UNKNOWN,0347-6850693,3000000.0,300000.0,ATL,Unemployed,Business,Savings,0,False,FBR-1057,1,2000.0,Toyota Prado,Local,0.0,2025,1,4610285.0,7.0,Transfer Letter,,Approved,1,2,2025,,36830.0,441960.0,12610285.0,51.4,MEDIUM,"Benami Proxy, Dc Underinvoicing, File Trading",12610285.0
PK-0050,Muhammad Hassan,Faisalabad,"House 61, F-7, Faisalabad",UNKNOWN,0315-5550226,960000.0,96000.0,ATL,Businessman,Business,Foreign Remittance,0,False,FBR-1168,7,2700.0,Toyota Fortuner,Local,0.0,2025,4,74637983.0,42.0,Registry,,Unapproved,4,2,2025,,38633.375,463600.5,144637983.0,81.1,CRITICAL,"Dc Underinvoicing, Section 111 Abuse, Property Flipping",144637983.0
PK-0051,Fatima Javed,Faisalabad,"House 54, Hayatabad, Faisalabad",UNKNOWN,0318-4991250,3000000.0,300000.0,Non-ATL,Doctor,Prize Bond,Cash,4,True,FBR-1059,2,1800.0,Honda Civic,Local,0.0,2026,1,14502822.0,14.0,Registry,,Pending,1,2,2025,,42504.5,510054.0,24502822.0,48.6,MEDIUM,"Dc Underinvoicing, Nonfiler Surcharge, Illegal Society",24502822.0
PK-0052,Ahmed Ahmed,Rawalpindi,"House 62, Nazimabad, Rawalpindi",UNKNOWN,0348-1391412,960000.0,96000.0,Non-ATL,Unemployed,Agriculture,Gift,5,True,FBR-1293,3,1500.0,Toyota Yaris,Imported,0.0,2021,2,14342912.0,30.0,Transfer Letter,,Pending,2,2,2025,,30932.0,371184.0,23342912.0,65.5,HIGH,"Benami Proxy, Dc Underinvoicing, Gift Declaration",23342912.0
PK-0053,Tariq Abbasi,Islamabad,"House 51, G-10, Islamabad",UNKNOWN,0343-8940898,240000.0,24000.0,Non-ATL,Driver,Rental,Savings,6,True,FBR-1062,2,1300.0,Suzuki Alto,Local,0.0,2020,1,6818405.0,7.0,Transfer Letter,,Unapproved,1,2,2025,,25469.0,305628.0,12818405.0,61.9,MEDIUM,"Benami Proxy, Dc Underinvoicing, File Trading",12818405.0
PK-0054,Sana Nawaz,Rawalpindi,"House 100, G-10, Rawalpindi",UNKNOWN,0318-7498533,240000.0,24000.0,Non-ATL,Businessman,Business,Foreign Remittance,3,True,FBR-1310,4,2000.0,Toyota Corolla Grande,Imported,0.0,2026,1,23747133.0,10.0,File,,Approved,1,2,2025,,32351.666666666668,388220.0,55747133.0,67.6,HIGH,"Dc Underinvoicing, Hawala Signature, Section 111 Abuse",55747133.0
PK-0055,Zubair Ahmed,Karachi,"House 98, Nazimabad, Karachi",UNKNOWN,0327-8846981,960000.0,96000.0,Non-ATL,Businessman,Prize Bond,Cash,4,False,FBR-1346,2,3000.0,Toyota Land Cruiser,Local,0.0,2025,1,17868055.0,7.0,Transfer Letter,,Unapproved,1,2,2025,,38980.5,467766.0,47868055.0,62.9,MEDIUM,"Dc Underinvoicing, File Trading, Nonfiler Surcharge",47868055.0
PK-0056,Zubair Mirza,Peshawar,"House 47, Hayatabad, Peshawar",UNKNOWN,0321-9282667,0.0,0.0,Non-ATL,Housewife,Salary,Foreign Remittance,2,False,FBR-1273,2,2700.0,Toyota Fortuner,Local,0.0,2021,1,25227049.0,7.0,Allotment Letter,,Pending,1,2,2025,,33000.5,396006.0,45227049.0,63.4,MEDIUM,"Benami Proxy, Hawala Signature, Dc Underinvoicing",45227049.0
PK-0057,Waseem Siddiqui,Karachi,"House 120, DHA, Karachi",UNKNOWN,0322-8577918,0.0,0.0,Non-ATL,Driver,Salary,Gift,3,True,FBR-1101,2,2000.0,Toyota Prado,Local,0.0,2021,2,32203397.0,40.0,Allotment Letter,,Approved,2,2,2025,,34072.0,408864.0,48203397.0,63.1,MEDIUM,"Benami Proxy, Dc Underinvoicing, Hawala Signature",48203397.0
PK-0058,Hamza Iqbal,Islamabad,"House 34, Gulberg, Islamabad",UNKNOWN,0332-6977971,480000.0,48000.0,Non-ATL,Doctor,Business,Prize Bond,1,True,FBR-1410,1,1300.0,Honda City,Local,0.0,2022,1,6151945.0,5.0,Transfer Letter,,Pending,1,2,2025,,26957.5,323490.0,9151945.0,40.4,LOW,"Dc Underinvoicing, File Trading, Illegal Society",9151945.0
PK-0059,Fatima Qureshi,Peshawar,"House 13, Gulberg, Peshawar",UNKNOWN,0331-4573059,3000000.0,300000.0,ATL,Engineer,Agriculture,Savings,0,False,FBR-1070,2,3000.0,Honda City,Local,0.0,2022,1,16311260.0,20.0,Transfer Letter,,Approved,1,2,2025,,38143.0,457716.0,46311260.0,42.2,LOW,"Dc Underinvoicing, Agri Shield, File Trading",46311260.0
PK-0060,Hina Raza,Karachi,"House 42, Clifton, Karachi",UNKNOWN,0330-8138506,240000.0,24000.0,Non-ATL,Housewife,Agriculture,Savings,2,True,FBR-1171,4,3000.0,Toyota Yaris,Local,0.0,2026,4,51277821.0,38.0,Allotment Letter,,Unapproved,4,2,2025,,31058.0,372696.0,111277821.0,74.7,HIGH,"Benami Proxy, Dc Underinvoicing, Hawala Signature",111277821.0
PK-0061,Tariq Khan,Karachi,"House 89, F-7, Karachi",UNKNOWN,0343-7826721,3000000.0,300000.0,ATL,Retired,Salary,Cash,0,False,FBR-1073,1,2000.0,Toyota Prado,Local,0.0,2018,1,28656919.0,10.0,Registry,,Approved,1,2,2025,,16163.0,193956.0,36656919.0,45.3,MEDIUM,"Benami Proxy, Dc Underinvoicing",36656919.0
PK-0062,Ali Mirza,Faisalabad,"House 15, Hayatabad, Faisalabad",UNKNOWN,0328-8740775,3000000.0,300000.0,ATL,Engineer,Business,Prize Bond,0,True,FBR-1074,1,1000.0,Suzuki WagonR,Imported,0.0,2021,1,23023352.0,10.0,Transfer Letter,,Unapproved,1,2,2025,,59961.0,719532.0,25223352.0,45.8,MEDIUM,"Dc Underinvoicing, Illegal Society, File Trading",25223352.0
PK-0063,Amna Qureshi,Lahore,"House 129, Johar Town, Lahore",UNKNOWN,0321-8184775,240000.0,24000.0,Non-ATL,Teacher,Business,Foreign Remittance,2,True,FBR-1115,2,3000.0,Honda City,Local,0.0,2022,2,15800974.0,15.0,Transfer Letter,,Approved,2,2,2025,,32700.0,392400.0,45800974.0,65.1,HIGH,"Dc Underinvoicing, Hawala Signature, Section 111 Abuse",45800974.0
PK-0064,Zainab Hassan,Karachi,"House 24, Nazimabad, Karachi",UNKNOWN,0346-2467919,3000000.0,300000.0,ATL,Driver,Business,Cash,0,False,FBR-1076,1,660.0,Suzuki Alto,Local,0.0,2025,1,26990175.0,14.0,Registry,,Approved,1,2,2025,,33895.0,406740.0,27790175.0,46.4,MEDIUM,"Benami Proxy, Dc Underinvoicing",27790175.0
PK-0065,Usman Ahmed,Karachi,"House 23, Gulberg, Karachi",UNKNOWN,0337-8265529,480000.0,48000.0,Non-ATL,Engineer,Business,Prize Bond,5,True,FBR-1077,1,2700.0,Toyota Fortuner,Local,0.0,2018,1,12768774.0,5.0,Transfer Letter,,Unapproved,1,2,2025,,26599.0,319188.0,22768774.0,61.1,MEDIUM,"Dc Underinvoicing, Hawala Signature, File Trading",22768774.0
PK-0066,Imran Iqbal,Karachi,"House 84, Johar Town, Karachi",UNKNOWN,0327-9883941,0.0,0.0,Non-ATL,Doctor,Salary,Cash,6,True,FBR-1079,2,1800.0,Toyota Corolla,Local,0.0,2025,2,23291422.0,40.0,Registry,,Unapproved,2,2,2025,,27924.0,335088.0,33291422.0,63.6,MEDIUM,"Dc Underinvoicing, Hawala Signature, Benami Proxy",33291422.0
PK-0067,Hamza Sheikh,Karachi,"House 126, Gulberg, Karachi",UNKNOWN,0336-8831998,480000.0,48000.0,Non-ATL,Retired,Rental,Cash,6,False,FBR-1447,2,3000.0,Suzuki Alto,Local,0.0,2022,2,21320436.0,15.0,Transfer Letter,,Approved,2,2,2025,,27634.5,331614.0,51320436.0,65.7,HIGH,"Hawala Signature, Benami Proxy, Dc Underinvoicing",51320436.0
PK-0068,Ahmed Raza,Rawalpindi,"House 19, Bahria Town, Rawalpindi",UNKNOWN,0337-5331688,1800000.0,180000.0,ATL,Student,Agriculture,Gift,0,True,FBR-1359,3,2000.0,Toyota Prado,Local,0.0,2024,2,24238330.0,12.0,Transfer Letter,,Approved,2,2,2025,,33976.4,407716.8000000001,48238330.0,65.4,HIGH,"Benami Proxy, Dc Underinvoicing, Gift Declaration",48238330.0
PK-0069,Imran Bibi,Peshawar,"House 31, Bahria Town, Peshawar",UNKNOWN,0317-7240384,0.0,0.0,Non-ATL,Businessman,Salary,Gift,3,True,FBR-1093,2,1300.0,Toyota Corolla,Local,0.0,2015,2,32664297.0,30.0,Allotment Letter,,Approved,2,2,2025,,44510.0,534120.0,38664297.0,64.7,MEDIUM,"Dc Underinvoicing, Hawala Signature, Gift Declaration",38664297.0
PK-0070,Bilal Butt,Lahore,"House 108, Nazimabad, Lahore",UNKNOWN,0349-9345633,480000.0,48000.0,Non-ATL,Doctor,Agriculture,Foreign Remittance,0,True,FBR-1246,2,1800.0,Toyota Yaris,Local,0.0,2019,2,28154888.0,20.0,Transfer Letter,,Pending,2,2,2025,,15613.0,187356.0,38154888.0,65.8,HIGH,"Dc Underinvoicing, Hawala Signature, Section 111 Abuse",38154888.0
PK-0071,Imran Mirza,Rawalpindi,"House 23, Pechs, Rawalpindi",UNKNOWN,0332-2120408,3000000.0,300000.0,Non-ATL,Retired,Prize Bond,Cash,3,False,FBR-1319,2,1800.0,Honda City,Local,0.0,2023,1,16283268.0,7.0,Allotment Letter,,Pending,1,2,2025,,37509.5,450114.0,26283268.0,64.9,MEDIUM,"Benami Proxy, Dc Underinvoicing, File Trading",26283268.0
PK-0072,Ahmed Hassan,Lahore,"House 57, Hayatabad, Lahore",UNKNOWN,0340-7351286,3000000.0,300000.0,ATL,Doctor,Rental,Savings,0,True,FBR-1086,1,2000.0,Toyota Prado,Imported,0.0,2025,1,19551403.0,7.0,Transfer Letter,,Unapproved,1,2,2025,,52181.0,626172.0,27551403.0,41.5,LOW,"Dc Underinvoicing, Illegal Society, File Trading",27551403.0
PK-0073,Zainab Javed,Faisalabad,"House 133, Johar Town, Faisalabad",UNKNOWN,0324-8724173,1800000.0,180000.0,ATL,Unemployed,Salary,Gift,0,True,FBR-1278,2,2000.0,Toyota Prado,Local,0.0,2025,1,14647750.0,7.0,Registry,,Approved,1,2,2025,,42211.0,506532.0,30647750.0,59.3,MEDIUM,"Benami Proxy, Dc Underinvoicing, Gift Declaration",30647750.0
PK-0074,Amna Baig,Rawalpindi,"House 16, Hayatabad, Rawalpindi",UNKNOWN,0326-2102474,1800000.0,180000.0,ATL,Retired,Salary,Foreign Remittance,0,True,FBR-1088,1,1300.0,Honda City,Local,0.0,2026,1,18061221.0,20.0,Transfer Letter,,Approved,1,2,2025,,19863.0,238356.0,21061221.0,63.0,MEDIUM,"Benami Proxy, Dc Underinvoicing, Section 111 Abuse",21061221.0
PK-0075,Ayesha Khan,Rawalpindi,"House 133, Clifton, Rawalpindi",UNKNOWN,0330-4393688,0.0,0.0,Non-ATL,Businessman,Salary,Cash,2,False,FBR-1476,1,1500.0,Toyota Yaris,Imported,0.0,2026,1,28081646.0,5.0,Transfer Letter,,Approved,1,2,2025,,45670.0,548040.0,31081646.0,61.4,MEDIUM,"Hawala Signature, Dc Underinvoicing, Benami Proxy",31081646.0
PK-0076,Saima Butt,Faisalabad,"House 140, Pechs, Faisalabad",UNKNOWN,0311-5103363,3000000.0,300000.0,ATL,Unemployed,Business,Prize Bond,0,False,FBR-1090,1,1800.0,Toyota Corolla Grande,Local,0.0,2021,1,17871331.0,7.0,Registry,,Pending,1,2,2025,,47324.0,567888.0,22871331.0,55.5,MEDIUM,"Benami Proxy, Dc Underinvoicing, Illegal Society",22871331.0
PK-0077,Hina Nawaz,Lahore,"House 9, Nazimabad, Lahore",UNKNOWN,0348-3478233,0.0,0.0,Non-ATL,Doctor,Business,Foreign Remittance,4,True,FBR-1091,2,1800.0,Honda City,Local,0.0,2022,2,48055302.0,34.0,Registry,,Approved,2,2,2025,,31999.33333333333,383992.0,58055302.0,64.1,MEDIUM,"Dc Underinvoicing, Hawala Signature, Section 111 Abuse",58055302.0
PK-0078,Hamza Malik,Rawalpindi,"House 32, F-7, Rawalpindi",UNKNOWN,0320-7539564,480000.0,48000.0,Non-ATL,Housewife,Salary,Foreign Remittance,5,True,FBR-1167,2,1300.0,Suzuki WagonR,Local,0.0,2020,2,16197971.0,19.0,Transfer Letter,,Approved,2,2,2025,,14126.0,169512.0,22197971.0,68.7,HIGH,"Benami Proxy, Dc Underinvoicing, Hawala Signature",22197971.0
PK-0079,Ahmed Iqbal,Lahore,"House 128, Clifton, Lahore",UNKNOWN,0314-6115307,240000.0,24000.0,Non-ATL,Unemployed,Salary,Cash,4,True,FBR-1096,1,1800.0,Toyota Corolla Grande,Imported,0.0,2026,1,17177448.0,5.0,Allotment Letter,,Approved,1,2,2025,,50722.0,608664.0,22177448.0,60.6,MEDIUM,"Benami Proxy, Dc Underinvoicing, Hawala Signature",22177448.0
PK-0080,Amna Ahmed,Faisalabad,"House 9, Clifton, Faisalabad",UNKNOWN,0310-2036443,1800000.0,180000.0,ATL,Teacher,Salary,Prize Bond,0,True,FBR-1098,3,1800.0,Honda City,Local,0.0,2026,2,52250952.0,21.0,File,,Approved,2,2,2025,,50236.66666666666,602840.0,67250952.0,41.7,LOW,"Dc Underinvoicing, File Trading, Rental Concealment",67250952.0
PK-0081,Saima Khan,Islamabad,"House 36, Hayatabad, Islamabad",UNKNOWN,0337-3670128,0.0,0.0,Non-ATL,Unemployed,Agriculture,Cash,5,True,FBR-1099,2,2700.0,Honda City,Local,0.0,2024,2,34187231.0,40.0,Transfer Letter,,Approved,2,2,2025,,47849.0,574188.0,54187231.0,66.1,HIGH,"Benami Proxy, Dc Underinvoicing, Hawala Signature",54187231.0
PK-0082,Fatima Raza,Lahore,"House 49, Johar Town, Lahore",UNKNOWN,0336-7006129,960000.0,96000.0,ATL,Businessman,Business,Savings,0,False,FBR-1100,1,1300.0,Toyota Corolla,Imported,0.0,2021,1,13340020.0,14.0,File,,Unapproved,1,2,2025,,35390.0,424680.0,16340020.0,38.2,LOW,"Dc Underinvoicing, Illegal Society, File Trading",16340020.0
PK-0083,Nadia Javed,Faisalabad,"House 36, Nazimabad, Faisalabad",UNKNOWN,0312-7816826,240000.0,24000.0,Non-ATL,Engineer,Business,Foreign Remittance,0,True,FBR-1338,3,2700.0,Suzuki WagonR,Imported,0.0,2019,2,12771754.0,25.0,File,,Approved,2,2,2025,,39133.333333333336,469600.0,42771754.0,64.8,MEDIUM,"Dc Underinvoicing, Hawala Signature, Section 111 Abuse",42771754.0
PK-0084,Ahmed Sheikh,Faisalabad,"House 49, Johar Town, Faisalabad",UNKNOWN,0333-7134357,3000000.0,300000.0,ATL,Unemployed,Business,Cash,0,True,FBR-1203,2,3000.0,Toyota Prado,Local,0.0,2022,2,50899719.0,25.0,Registry,,Approved,2,2,2025,,41342.333333333336,496108.0,80899719.0,59.7,MEDIUM,"Benami Proxy, Dc Underinvoicing, Rental Concealment",80899719.0
PK-0085,Imran Javed,Islamabad,"House 38, Gulberg, Islamabad",UNKNOWN,0326-4170327,480000.0,48000.0,Non-ATL,Businessman,Prize Bond,Savings,3,True,FBR-1106,1,2700.0,Toyota Fortuner,Local,0.0,2023,1,28315205.0,5.0,File,,Approved,1,2,2025,,11001.0,132012.0,38315205.0,63.9,MEDIUM,"Dc Underinvoicing, Hawala Signature, File Trading",38315205.0
PK-0086,Saima Siddiqui,Faisalabad,"House 97, Johar Town, Faisalabad",UNKNOWN,0338-8561443,3000000.0,300000.0,ATL,Teacher,Rental,Savings,0,True,FBR-1108,1,1300.0,Honda City,Imported,0.0,2019,1,4094395.0,5.0,Registry,,Approved,1,2,2025,,15833.0,189996.0,7094395.0,25.6,LOW,Dc Underinvoicing,7094395.0
PK-0087,Hamza Butt,Lahore,"House 117, Clifton, Lahore",UNKNOWN,0340-7406999,0.0,0.0,Non-ATL,Doctor,Prize Bond,Gift,3,True,FBR-1109,1,1000.0,Suzuki WagonR,Imported,0.0,2024,1,12108998.0,10.0,Transfer Letter,,Approved,1,2,2025,,26698.0,320376.0,14308998.0,62.6,MEDIUM,"Dc Underinvoicing, Benami Proxy, File Trading",14308998.0
PK-0088,Bilal Javed,Faisalabad,"House 29, Johar Town, Faisalabad",UNKNOWN,0341-9064750,240000.0,24000.0,Non-ATL,Businessman,Prize Bond,Prize Bond,0,False,FBR-1172,2,1800.0,Honda Civic,Local,0.0,2024,2,20287134.0,20.0,Transfer Letter,,Pending,2,2,2025,,48815.5,585786.0,30287134.0,64.9,MEDIUM,"Hawala Signature, Dc Underinvoicing, Benami Proxy",30287134.0
PK-0089,Bilal Bibi,Islamabad,"House 47, F-7, Islamabad",UNKNOWN,0327-2866973,480000.0,48000.0,Non-ATL,Doctor,Salary,Cash,2,True,FBR-1111,1,2000.0,Toyota Prado,Imported,0.0,2026,1,7039624.0,20.0,Transfer Letter,,Pending,1,2,2025,,54543.0,654516.0,15039624.0,50.3,MEDIUM,"Dc Underinvoicing, File Trading, Nonfiler Surcharge",15039624.0
PK-0090,Amna Raza,Lahore,"House 36, Clifton, Lahore",UNKNOWN,0332-2895687,0.0,0.0,Non-ATL,Unemployed,Prize Bond,Prize Bond,1,True,FBR-1494,1,1800.0,Honda Civic,Local,0.0,2022,1,6918203.0,5.0,Registry,,Unapproved,1,2,2025,,25637.0,307644.0,11918203.0,61.6,MEDIUM,"Benami Proxy, Dc Underinvoicing, Nonfiler Surcharge",11918203.0
PK-0091,Muhammad Ahmed,Karachi,"House 6, Clifton, Karachi",UNKNOWN,0337-3884472,240000.0,24000.0,Non-ATL,Housewife,Business,Savings,6,True,FBR-1301,2,1000.0,Suzuki WagonR,Imported,0.0,2018,1,15229581.0,5.0,Allotment Letter,,Approved,1,2,2025,,29452.33333333333,353428.0,19629581.0,62.6,MEDIUM,"Benami Proxy, Dc Underinvoicing, File Trading",19629581.0
PK-0092,Sana Malik,Faisalabad,"House 58, Hayatabad, Faisalabad",UNKNOWN,0315-2683185,3000000.0,300000.0,ATL,Driver,Prize Bond,Savings,0,True,FBR-1321,2,1800.0,Toyota Corolla Grande,Imported,0.0,2024,1,11994373.0,7.0,Registry,,Approved,1,2,2025,,47762.0,573144.0,21994373.0,45.9,MEDIUM,"Benami Proxy, Dc Underinvoicing",21994373.0
PK-0093,Hamza Rizvi,Islamabad,"House 110, Johar Town, Islamabad",UNKNOWN,0315-6424279,480000.0,48000.0,Non-ATL,Driver,Agriculture,Gift,3,False,FBR-1118,3,2700.0,Toyota Corolla Grande,Local,0.0,2025,1,16748830.0,20.0,Allotment Letter,,Approved,1,2,2025,,28246.0,338952.0,46748830.0,64.4,MEDIUM,"Hawala Signature, Benami Proxy, Dc Underinvoicing",46748830.0
PK-0094,Tariq Qureshi,Lahore,"House 89, Bahria Town, Lahore",UNKNOWN,0343-5328679,3000000.0,300000.0,ATL,Housewife,Agriculture,Cash,0,True,FBR-1119,1,3000.0,Toyota Land Cruiser,Local,0.0,2019,1,6495997.0,5.0,File,,Approved,1,2,2025,,53045.0,636540.0,21495997.0,61.9,MEDIUM,"Benami Proxy, Dc Underinvoicing, Agri Shield",21495997.0
PK-0095,Ayesha Javed,Faisalabad,"House 149, F-7, Faisalabad",UNKNOWN,0318-2791087,240000.0,24000.0,Non-ATL,Doctor,Salary,Cash,1,True,FBR-1425,1,1800.0,Honda Civic,Imported,0.0,2020,1,27944480.0,7.0,Transfer Letter,,Approved,1,2,2025,,22755.0,273060.0,32944480.0,60.7,MEDIUM,"Dc Underinvoicing, Hawala Signature, Benami Proxy",32944480.0
PK-0096,Saima Sheikh,Karachi,"House 136, Clifton, Karachi",UNKNOWN,0337-8523017,1800000.0,180000.0,Non-ATL,Teacher,Business,Prize Bond,4,True,FBR-1211,3,1800.0,Honda Civic,Local,0.0,2019,2,38190236.0,24.0,File,,Approved,2,2,2025,,21630.75,259569.0,53190236.0,65.9,HIGH,"Dc Underinvoicing, File Trading, Nonfiler Surcharge",53190236.0
PK-0097,Imran Ahmed,Islamabad,"House 55, Bahria Town, Islamabad",UNKNOWN,0321-7448937,960000.0,96000.0,Non-ATL,Housewife,Business,Prize Bond,3,True,FBR-1123,1,1000.0,Suzuki WagonR,Local,0.0,2024,1,22369914.0,5.0,File,,Approved,1,2,2025,,22102.0,265224.0,24569914.0,56.6,MEDIUM,"Benami Proxy, Dc Underinvoicing, File Trading",24569914.0
PK-0098,Ayesha Sheikh,Lahore,"House 132, Clifton, Lahore",UNKNOWN,0343-2614307,480000.0,48000.0,Non-ATL,Retired,Business,Gift,0,True,FBR-1124,2,3000.0,Toyota Land Cruiser,Local,0.0,2023,2,36298947.0,40.0,Registry,,Approved,2,2,2025,,50665.5,607986.0,66298947.0,67.7,HIGH,"Benami Proxy, Dc Underinvoicing, Hawala Signature",66298947.0
PK-0099,Usman Khan,Rawalpindi,"House 105, Clifton, Rawalpindi",UNKNOWN,0316-7834182,3000000.0,300000.0,ATL,Teacher,Salary,Foreign Remittance,0,False,FBR-1125,1,1800.0,Toyota Corolla Grande,Local,0.0,2016,1,26027921.0,7.0,File,,Pending,1,2,2025,,28157.0,337884.0,31027921.0,50.6,MEDIUM,"Dc Underinvoicing, Illegal Society, Section 111 Abuse",31027921.0
PK-0100,Fatima Iqbal,Islamabad,"House 150, Pechs, Islamabad",UNKNOWN,0340-6341323,240000.0,24000.0,Non-ATL,Unemployed,Prize Bond,Foreign Remittance,5,True,FBR-1127,2,1300.0,Suzuki Alto,Local,0.0,2026,2,12380984.0,19.0,File,,Unapproved,2,2,2025,,36299.5,435594.0,18380984.0,65.3,HIGH,"Benami Proxy, Dc Underinvoicing, File Trading",18380984.0
PK-0101,Zainab Qureshi,Peshawar,"House 123, DHA, Peshawar",UNKNOWN,0336-3694598,960000.0,96000.0,ATL,Engineer,Prize Bond,Savings,0,True,FBR-1295,4,1800.0,Suzuki Alto,Local,0.0,2026,3,56633759.0,35.0,Registry,,Approved,3,2,2025,,25657.0,307884.0,76633759.0,47.7,MEDIUM,"Dc Underinvoicing, Property Flipping, Rental Concealment",76633759.0
PK-0102,Ayesha Iqbal,Peshawar,"House 96, Bahria Town, Peshawar",UNKNOWN,0312-3234788,960000.0,96000.0,Non-ATL,Doctor,Prize Bond,Gift,6,False,FBR-1130,2,3000.0,Toyota Yaris,Imported,0.0,2026,2,33049385.0,10.0,Registry,,Pending,2,2,2025,,21601.5,259218.0,63049385.0,67.8,HIGH,"Dc Underinvoicing, Gift Declaration, Nonfiler Surcharge",63049385.0
PK-0103,Nadia Hassan,Islamabad,"House 93, Nazimabad, Islamabad",UNKNOWN,0332-7346406,960000.0,96000.0,ATL,Driver,Business,Foreign Remittance,0,True,FBR-1131,1,1800.0,Honda Civic,Local,0.0,2017,1,16273484.0,20.0,Registry,,Approved,1,2,2025,,38649.0,463788.0,21273484.0,57.7,MEDIUM,"Benami Proxy, Dc Underinvoicing, Section 111 Abuse",21273484.0
PK-0104,Hina Bibi,Karachi,"House 95, Johar Town, Karachi",UNKNOWN,0313-4904540,0.0,0.0,Non-ATL,Teacher,Rental,Savings,4,True,FBR-1132,1,3000.0,Toyota Land Cruiser,Imported,0.0,2025,1,9142972.0,10.0,Registry,,Approved,1,2,2025,,35662.0,427944.0,24142972.0,62.4,MEDIUM,"Dc Underinvoicing, Hawala Signature, Benami Proxy",24142972.0
PK-0105,Hina Ahmed,Islamabad,"House 55, Nazimabad, Islamabad",UNKNOWN,0316-6718117,3000000.0,300000.0,ATL,Housewife,Rental,Foreign Remittance,0,False,FBR-1133,1,1300.0,Toyota Corolla,Local,0.0,2024,1,27568003.0,7.0,Registry,,Approved,1,2,2025,,24232.0,290784.0,30568003.0,55.0,MEDIUM,"Benami Proxy, Dc Underinvoicing, Section 111 Abuse",30568003.0
PK-0106,Ayesha Rizvi,Faisalabad,"House 121, Clifton, Faisalabad",UNKNOWN,0327-8544932,3000000.0,300000.0,Non-ATL,Teacher,Prize Bond,Prize Bond,3,True,FBR-1454,2,2700.0,Toyota Fortuner,Local,0.0,2022,2,12510085.0,24.0,Registry,,Unapproved,2,2,2025,,30202.0,362424.0,32510085.0,59.9,MEDIUM,"Dc Underinvoicing, Illegal Society, Rental Concealment",32510085.0
PK-0107,Sana Mirza,Karachi,"House 74, Clifton, Karachi",UNKNOWN,0347-9294574,960000.0,96000.0,ATL,Unemployed,Salary,Prize Bond,0,True,FBR-1231,4,3000.0,Honda Civic,Local,0.0,2026,4,41602206.0,61.0,File,,Approved,4,2,2025,,35308.57142857143,423702.8571428572,101602206.0,74.9,HIGH,"Benami Proxy, Dc Underinvoicing, Property Flipping",101602206.0
PK-0108,Bilal Ahmed,Rawalpindi,"House 101, Nazimabad, Rawalpindi",UNKNOWN,0343-7513236,480000.0,48000.0,Non-ATL,Unemployed,Rental,Savings,4,True,FBR-1137,1,2000.0,Toyota Prado,Local,0.0,2018,1,4550723.0,7.0,Registry,,Approved,1,2,2025,,24675.0,296100.0,12550723.0,55.7,MEDIUM,"Benami Proxy, Dc Underinvoicing, Nonfiler Surcharge",12550723.0
PK-0109,Saima Qureshi,Rawalpindi,"House 114, Pechs, Rawalpindi",UNKNOWN,0327-8793505,960000.0,96000.0,ATL,Doctor,Prize Bond,Foreign Remittance,0,True,FBR-1138,1,1000.0,Suzuki WagonR,Local,0.0,2021,1,26602712.0,10.0,Registry,,Approved,1,2,2025,,9290.0,111480.0,28802712.0,40.4,LOW,"Dc Underinvoicing, Section 111 Abuse",28802712.0
PK-0110,Fatima Sheikh,Karachi,"House 139, Hayatabad, Karachi",UNKNOWN,0326-9612149,3000000.0,300000.0,ATL,Retired,Prize Bond,Prize Bond,0,True,FBR-1140,1,3000.0,Toyota Land Cruiser,Imported,0.0,2019,1,20942905.0,14.0,Allotment Letter,,Approved,1,2,2025,,13484.0,161808.0,35942905.0,55.0,MEDIUM,"Benami Proxy, Dc Underinvoicing, File Trading",35942905.0
PK-0111,Sana Hassan,Lahore,"House 71, Johar Town, Lahore",UNKNOWN,0337-9784872,0.0,0.0,Non-ATL,Clerk,Salary,Prize Bond,4,False,FBR-1142,1,1300.0,Honda City,Imported,0.0,2023,1,12687917.0,20.0,Allotment Letter,,Approved,1,2,2025,,45512.0,546144.0,15687917.0,61.7,MEDIUM,"Benami Proxy, Dc Underinvoicing, File Trading",15687917.0
PK-0112,Amna Nawaz,Rawalpindi,"House 120, Nazimabad, Rawalpindi",UNKNOWN,0328-2555728,480000.0,48000.0,Non-ATL,Businessman,Prize Bond,Prize Bond,6,True,FBR-1429,1,2700.0,Toyota Fortuner,Local,0.0,2025,1,29461605.0,5.0,Transfer Letter,,Approved,1,2,2025,,41444.5,497334.0,39461605.0,61.9,MEDIUM,"Dc Underinvoicing, Hawala Signature, File Trading",39461605.0
PK-0113,Imran Raza,Karachi,"House 115, Hayatabad, Karachi",UNKNOWN,0311-1487997,960000.0,96000.0,ATL,Driver,Prize Bond,Gift,0,True,FBR-1186,3,1800.0,Honda Civic,Local,0.0,2021,3,51090836.0,35.0,Registry,,Pending,3,2,2025,,20634.25,247611.0,66090836.0,73.2,HIGH,"Benami Proxy, Dc Underinvoicing, Gift Declaration",66090836.0
PK-0114,Ayesha Hassan,Peshawar,"House 54, Clifton, Peshawar",UNKNOWN,0336-3279635,960000.0,96000.0,Non-ATL,Businessman,Salary,Prize Bond,0,True,FBR-1328,2,1800.0,Honda Civic,Imported,0.0,2021,1,15319829.0,7.0,Registry,,Approved,1,2,2025,,24747.5,296970.0,25319829.0,29.1,LOW,"Dc Underinvoicing, Nonfiler Surcharge",25319829.0
PK-0115,Hina Rizvi,Peshawar,"House 37, F-7, Peshawar",UNKNOWN,0345-2467209,960000.0,96000.0,ATL,Housewife,Salary,Prize Bond,0,True,FBR-1351,1,3000.0,Toyota Land Cruiser,Local,0.0,2021,1,26135804.0,14.0,Allotment Letter,,Pending,1,2,2025,,37217.5,446610.0,41135804.0,62.8,MEDIUM,"Benami Proxy, Dc Underinvoicing, Illegal Society",41135804.0
PK-0116,Bilal Baig,Lahore,"House 46, Pechs, Lahore",UNKNOWN,0345-4925735,960000.0,96000.0,Non-ATL,Unemployed,Agriculture,Gift,3,False,FBR-1151,1,1800.0,Honda Civic,Imported,0.0,2021,1,7481660.0,5.0,Registry,,Approved,1,2,2025,,53560.0,642720.0,12481660.0,61.1,MEDIUM,"Benami Proxy, Dc Underinvoicing, Gift Declaration",12481660.0
PK-0117,Muhammad Baig,Karachi,"House 84, DHA, Karachi",UNKNOWN,0334-5544685,0.0,0.0,Non-ATL,Student,Salary,Savings,6,True,FBR-1485,2,1300.0,Honda City,Local,0.0,2018,1,22393565.0,7.0,Registry,,Unapproved,1,2,2025,,36285.5,435426.0,28393565.0,62.4,MEDIUM,"Benami Proxy, Dc Underinvoicing, Hawala Signature",28393565.0
PK-0118,Fatima Siddiqui,Rawalpindi,"House 125, Clifton, Rawalpindi",UNKNOWN,0341-5770807,3000000.0,300000.0,ATL,Driver,Rental,Savings,0,True,FBR-1154,1,1300.0,Honda City,Local,0.0,2015,1,19776434.0,10.0,Registry,,Approved,1,2,2025,,50600.0,607200.0,22776434.0,44.9,LOW,"Benami Proxy, Dc Underinvoicing",22776434.0
PK-0119,Amna Hassan,Lahore,"House 130, Gulberg, Lahore",UNKNOWN,0333-4586067,240000.0,24000.0,Non-ATL,Teacher,Agriculture,Prize Bond,6,True,FBR-1156,1,1800.0,Honda Civic,Local,0.0,2026,1,8578940.0,14.0,File,,Approved,1,2,2025,,56909.0,682908.0,13578940.0,61.7,MEDIUM,"Dc Underinvoicing, Benami Proxy, File Trading",13578940.0
PK-0120,Ayesha Abbasi,Islamabad,"House 120, Pechs, Islamabad",UNKNOWN,0330-7953197,1800000.0,180000.0,Non-ATL,Student,Salary,Prize Bond,0,True,FBR-1157,1,1300.0,Honda City,Local,0.0,2024,1,20034133.0,10.0,Allotment Letter,,Unapproved,1,2,2025,,47634.0,571608.0,23034133.0,61.5,MEDIUM,"Benami Proxy, Dc Underinvoicing, File Trading",23034133.0
PK-0121,Nadia Butt,Faisalabad,"House 101, G-10, Faisalabad",UNKNOWN,0333-3179118,960000.0,96000.0,ATL,Housewife,Agriculture,Foreign Remittance,0,True,FBR-1158,1,1800.0,Toyota Corolla Grande,Local,0.0,2023,1,9805877.0,14.0,Registry,,Approved,1,2,2025,,33015.0,396180.0,14805877.0,50.7,MEDIUM,"Benami Proxy, Dc Underinvoicing, Section 111 Abuse",14805877.0
PK-0122,Waseem Mirza,Islamabad,"House 21, G-10, Islamabad",UNKNOWN,0328-9131791,1800000.0,180000.0,ATL,Housewife,Prize Bond,Gift,0,True,FBR-1160,1,1000.0,Suzuki WagonR,Local,0.0,2024,1,23271737.0,5.0,Allotment Letter,,Approved,1,2,2025,,26627.0,319524.0,25471737.0,62.7,MEDIUM,"Benami Proxy, Dc Underinvoicing, Gift Declaration",25471737.0
PK-0123,Hina Baig,Karachi,"House 124, Nazimabad, Karachi",UNKNOWN,0321-2086039,240000.0,24000.0,Non-ATL,Clerk,Agriculture,Savings,3,True,FBR-1347,4,3000.0,Suzuki WagonR,Local,0.0,2025,2,23888379.0,12.0,Registry,,Approved,2,2,2025,,39313.333333333336,471760.0,83888379.0,69.7,HIGH,"Benami Proxy, Dc Underinvoicing, Hawala Signature",83888379.0
PK-0124,Zainab Raza,Lahore,"House 36, Pechs, Lahore",UNKNOWN,0331-4621717,1800000.0,180000.0,ATL,Businessman,Salary,Cash,0,False,FBR-1393,1,660.0,Suzuki Alto,Local,0.0,2015,1,6087126.0,10.0,File,,Approved,1,2,2025,,43088.66666666666,517064.0,6887126.0,29.5,LOW,"Dc Underinvoicing, File Trading",6887126.0
PK-0125,Zainab Ahmed,Lahore,"House 143, Nazimabad, Lahore",UNKNOWN,0337-7048099,960000.0,96000.0,Non-ATL,Unemployed,Salary,Gift,3,True,FBR-1165,1,2700.0,Toyota Fortuner,Local,0.0,2018,1,20365725.0,5.0,Registry,,Approved,1,2,2025,,31556.5,378678.0,30365725.0,61.1,MEDIUM,"Benami Proxy, Dc Underinvoicing, Gift Declaration",30365725.0
PK-0126,Nadia Rizvi,Islamabad,"House 108, DHA, Islamabad",UNKNOWN,0334-7768051,0.0,0.0,Non-ATL,Clerk,Salary,Savings,4,True,FBR-1166,2,1800.0,Honda Civic,Local,0.0,2021,2,26541650.0,12.0,Registry,,Approved,2,2,2025,,35264.5,423174.0,36541650.0,62.8,MEDIUM,"Benami Proxy, Dc Underinvoicing, Hawala Signature",36541650.0
PK-0127,Amna Bibi,Islamabad,"House 122, G-10, Islamabad",UNKNOWN,0341-3566800,0.0,0.0,Non-ATL,Housewife,Prize Bond,Foreign Remittance,3,True,FBR-1179,2,1800.0,Honda Civic,Local,0.0,2024,2,30824912.0,30.0,Transfer Letter,,Approved,2,2,2025,,14111.0,169332.0,40824912.0,66.7,HIGH,"Benami Proxy, Dc Underinvoicing, Hawala Signature",40824912.0
PK-0128,Imran Baig,Faisalabad,"House 18, Bahria Town, Faisalabad",UNKNOWN,0335-1372342,240000.0,24000.0,Non-ATL,Unemployed,Prize Bond,Gift,2,True,FBR-1170,1,1300.0,Toyota Corolla,Imported,0.0,2015,1,24932645.0,5.0,File,,Approved,1,2,2025,,37790.0,453480.0,27932645.0,60.4,MEDIUM,"Benami Proxy, Dc Underinvoicing, Hawala Signature",27932645.0
PK-0129,Imran Sheikh,Lahore,"House 66, Hayatabad, Lahore",UNKNOWN,0327-2409156,3000000.0,300000.0,ATL,Businessman,Rental,Gift,0,False,FBR-1253,3,1800.0,Toyota Corolla Grande,Local,0.0,2023,2,52212400.0,19.0,Registry,,Approved,2,2,2025,,42658.0,511896.0,67212400.0,49.1,MEDIUM,"Dc Underinvoicing, Gift Declaration",67212400.0
PK-0130,Nadia Malik,Faisalabad,"House 30, Bahria Town, Faisalabad",UNKNOWN,0313-1789772,0.0,0.0,Non-ATL,Clerk,Salary,Gift,6,False,FBR-1467,1,2000.0,Toyota Prado,Local,0.0,2020,1,26193952.0,5.0,File,,Approved,1,2,2025,,33681.0,404172.0,34193952.0,60.9,MEDIUM,"Benami Proxy, Hawala Signature, Dc Underinvoicing",34193952.0
PK-0131,Hina Siddiqui,Rawalpindi,"House 140, F-7, Rawalpindi",UNKNOWN,0344-8858117,960000.0,96000.0,ATL,Clerk,Salary,Gift,0,False,FBR-1254,2,1000.0,Suzuki Alto,Local,0.0,2019,1,5052677.0,7.0,File,,Approved,1,2,2025,,31959.33333333333,383512.0,9452677.0,57.0,MEDIUM,"Benami Proxy, Dc Underinvoicing, File Trading",9452677.0
PK-0132,Zubair Khan,Faisalabad,"House 95, Pechs, Faisalabad",UNKNOWN,0338-3403254,480000.0,48000.0,Non-ATL,Housewife,Business,Foreign Remittance,1,False,FBR-1177,1,2700.0,Toyota Fortuner,Local,0.0,2024,1,5662388.0,5.0,Allotment Letter,,Approved,1,2,2025,,46006.0,552072.0,15662388.0,61.6,MEDIUM,"Benami Proxy, Dc Underinvoicing, File Trading",15662388.0
PK-0133,Hamza Nawaz,Faisalabad,"House 26, Johar Town, Faisalabad",UNKNOWN,0310-2775668,960000.0,96000.0,ATL,Driver,Rental,Cash,0,True,FBR-1178,1,1300.0,Honda City,Local,0.0,2018,1,16623550.0,10.0,Registry,,Approved,1,2,2025,,47304.0,567648.0,19623550.0,41.9,LOW,"Benami Proxy, Dc Underinvoicing",19623550.0
PK-0134,Muhammad Mirza,Faisalabad,"House 111, F-7, Faisalabad",UNKNOWN,0312-1260881,3000000.0,300000.0,ATL,Housewife,Business,Gift,0,False,FBR-1180,1,1800.0,Honda Civic,Local,0.0,2015,1,24303330.0,7.0,File,,Pending,1,2,2025,,9305.0,111660.0,29303330.0,66.5,HIGH,"Benami Proxy, Dc Underinvoicing, Gift Declaration",29303330.0
PK-0135,Nadia Siddiqui,Peshawar,"House 104, Clifton, Peshawar",UNKNOWN,0321-6169199,0.0,0.0,Non-ATL,Teacher,Salary,Gift,4,True,FBR-1182,1,1300.0,Toyota Corolla,Imported,0.0,2019,1,10849210.0,14.0,Allotment Letter,,Pending,1,2,2025,,39828.0,477936.0,13849210.0,61.6,MEDIUM,"Dc Underinvoicing, Benami Proxy, File Trading",13849210.0
PK-0136,Saima Javed,Lahore,"House 65, DHA, Lahore",UNKNOWN,0339-2674530,480000.0,48000.0,Non-ATL,Unemployed,Rental,Savings,4,True,FBR-1184,1,1800.0,Honda Civic,Local,0.0,2019,1,23989887.0,20.0,File,,Pending,1,2,2025,,22897.0,274764.0,28989887.0,60.5,MEDIUM,"Benami Proxy, Dc Underinvoicing, Hawala Signature",28989887.0
PK-0137,Waseem Nawaz,Faisalabad,"House 142, Johar Town, Faisalabad",UNKNOWN,0340-5675297,1800000.0,180000.0,ATL,Housewife,Prize Bond,Gift,0,True,FBR-1185,1,1500.0,Toyota Yaris,Local,0.0,2024,1,4642065.0,5.0,Registry,,Approved,1,2,2025,,51424.0,617088.0,7642065.0,49.4,MEDIUM,"Benami Proxy, Dc Underinvoicing, Gift Declaration",7642065.0
PK-0138,Muhammad Rizvi,Lahore,"House 140, G-10, Lahore",UNKNOWN,0333-6620001,0.0,0.0,Non-ATL,Doctor,Rental,Prize Bond,6,True,FBR-1187,1,1300.0,Toyota Corolla,Local,0.0,2022,1,3536255.0,5.0,Allotment Letter,,Approved,1,2,2025,,50345.0,604140.0,6536255.0,39.6,LOW,"Dc Underinvoicing, File Trading",6536255.0
PK-0139,Hina Butt,Karachi,"House 103, Clifton, Karachi",UNKNOWN,0311-4422968,960000.0,96000.0,ATL,Retired,Business,Foreign Remittance,0,True,FBR-1188,2,2700.0,Toyota Yaris,Imported,0.0,2023,1,14607469.0,5.0,Registry,,Approved,1,2,2025,,12902.0,154824.0,34607469.0,62.6,MEDIUM,"Benami Proxy, Dc Underinvoicing, Section 111 Abuse",34607469.0
PK-0140,Ali Butt,Lahore,"House 29, Nazimabad, Lahore",UNKNOWN,0322-7691940,3000000.0,300000.0,ATL,Retired,Rental,Gift,0,True,FBR-1189,1,2000.0,Toyota Prado,Local,0.0,2022,1,19749025.0,14.0,File,,Approved,1,2,2025,,14868.0,178416.0,27749025.0,64.9,MEDIUM,"Benami Proxy, Dc Underinvoicing, Gift Declaration",27749025.0
PK-0141,Zainab Nawaz,Lahore,"House 79, Clifton, Lahore",UNKNOWN,0326-7252770,240000.0,24000.0,Non-ATL,Unemployed,Agriculture,Foreign Remittance,1,True,FBR-1190,1,660.0,Suzuki Alto,Local,0.0,2020,1,6627761.0,5.0,File,,Approved,1,2,2025,,30205.0,362460.0,7427761.0,58.5,MEDIUM,"Benami Proxy, Dc Underinvoicing, File Trading",7427761.0
PK-0142,Zubair Qureshi,Peshawar,"House 80, Pechs, Peshawar",UNKNOWN,0327-2874371,3000000.0,300000.0,ATL,Clerk,Salary,Cash,0,False,FBR-1197,2,3000.0,Toyota Land Cruiser,Local,0.0,2025,1,10863627.0,14.0,Allotment Letter,,Approved,1,2,2025,,33712.5,404550.0,40863627.0,54.9,MEDIUM,"Benami Proxy, Dc Underinvoicing, File Trading",40863627.0
PK-0143,Amna Siddiqui,Faisalabad,"House 65, Nazimabad, Faisalabad",UNKNOWN,0337-3716959,240000.0,24000.0,Non-ATL,Unemployed,Business,Prize Bond,5,True,FBR-1397,3,2000.0,Toyota Yaris,Local,0.0,2025,3,49508365.0,37.0,Transfer Letter,,Approved,3,2,2025,,44540.75,534489.0,73508365.0,73.8,HIGH,"Benami Proxy, Dc Underinvoicing, Hawala Signature",73508365.0
PK-0144,Zainab Malik,Peshawar,"House 22, G-10, Peshawar",UNKNOWN,0349-8159269,1800000.0,180000.0,ATL,Retired,Rental,Savings,0,False,FBR-1202,1,1300.0,Toyota Corolla,Local,0.0,2025,1,15960417.0,7.0,Registry,,Approved,1,2,2025,,28245.0,338940.0,18960417.0,41.9,LOW,"Benami Proxy, Dc Underinvoicing",18960417.0
PK-0145,Fatima Rizvi,Karachi,"House 18, DHA, Karachi",UNKNOWN,0310-9021831,480000.0,48000.0,Non-ATL,Clerk,Salary,Savings,1,True,FBR-1206,1,1800.0,Toyota Corolla Grande,Local,0.0,2025,1,7490932.0,10.0,Registry,,Unapproved,1,2,2025,,47475.0,569700.0,12490932.0,57.3,MEDIUM,"Benami Proxy, Dc Underinvoicing, Nonfiler Surcharge",12490932.0
PK-0146,Hamza Bibi,Rawalpindi,"House 29, F-7, Rawalpindi",UNKNOWN,0343-9913885,960000.0,96000.0,ATL,Student,Salary,Prize Bond,0,True,FBR-1207,3,2000.0,Toyota Corolla Grande,Local,0.0,2022,1,18795993.0,20.0,Registry,,Pending,1,2,2025,,27125.0,325500.0,42795993.0,57.8,MEDIUM,"Benami Proxy, Dc Underinvoicing, Illegal Society",42795993.0
PK-0147,Muhammad Iqbal,Lahore,"House 26, Nazimabad, Lahore",UNKNOWN,0321-8681110,1800000.0,180000.0,ATL,Student,Agriculture,Cash,0,True,FBR-1275,3,1800.0,Suzuki Alto,Local,0.0,2025,1,23933460.0,20.0,Allotment Letter,,Approved,1,2,2025,,13950.0,167400.0,38933460.0,63.7,MEDIUM,"Benami Proxy, Dc Underinvoicing, Agri Shield",38933460.0
PK-0148,Usman Malik,Faisalabad,"House 27, Bahria Town, Faisalabad",UNKNOWN,0312-5849496,240000.0,24000.0,Non-ATL,Driver,Agriculture,Cash,0,False,FBR-1212,1,2700.0,Toyota Fortuner,Imported,0.0,2022,1,29501114.0,10.0,Transfer Letter,,Unapproved,1,2,2025,,21031.0,252372.0,39501114.0,62.5,MEDIUM,"Benami Proxy, Hawala Signature, Dc Underinvoicing",39501114.0
PK-0149,Muhammad Butt,Rawalpindi,"House 93, Hayatabad, Rawalpindi",UNKNOWN,0342-7496108,1800000.0,180000.0,ATL,Engineer,Agriculture,Cash,0,False,FBR-1214,1,1000.0,Suzuki WagonR,Local,0.0,2020,1,7508039.0,10.0,Allotment Letter,,Pending,1,2,2025,,18809.0,225708.0,9708039.0,36.0,LOW,"Dc Underinvoicing, File Trading, Illegal Society",9708039.0
PK-0150,Hina Iqbal,Peshawar,"House 15, Gulberg, Peshawar",UNKNOWN,0310-9077349,1800000.0,180000.0,Non-ATL,Businessman,Rental,Savings,0,True,FBR-1215,1,1300.0,Honda City,Local,0.0,2015,1,26851586.0,14.0,File,,Approved,1,2,2025,,50866.0,610392.0,29851586.0,34.7,LOW,"Dc Underinvoicing, File Trading",29851586.0
PK-0151,Imran Siddiqui,Lahore,"House 129, Hayatabad, Lahore",UNKNOWN,0343-4498002,960000.0,96000.0,Non-ATL,Housewife,Prize Bond,Cash,4,True,FBR-1451,2,1800.0,Toyota Corolla Grande,Local,0.0,2019,1,16804642.0,10.0,File,,Approved,1,2,2025,,30415.5,364986.0,26804642.0,60.6,MEDIUM,"Benami Proxy, Dc Underinvoicing, File Trading",26804642.0
PK-0152,Bilal Malik,Rawalpindi,"House 114, Johar Town, Rawalpindi",UNKNOWN,0343-6045929,240000.0,24000.0,Non-ATL,Teacher,Rental,Prize Bond,3,True,FBR-1422,1,2000.0,Toyota Prado,Local,0.0,2017,1,10205588.0,10.0,Transfer Letter,,Unapproved,1,2,2025,,37469.0,449628.0,18205588.0,60.4,MEDIUM,"Dc Underinvoicing, Benami Proxy, File Trading",18205588.0
PK-0153,Hamza Qureshi,Faisalabad,"House 98, Nazimabad, Faisalabad",UNKNOWN,0338-7854295,3000000.0,300000.0,ATL,Driver,Business,Prize Bond,0,True,FBR-1281,2,1300.0,Suzuki WagonR,Imported,0.0,2020,1,4979479.0,5.0,Allotment Letter,,Approved,1,2,2025,,49047.0,588564.0,10979479.0,54.9,MEDIUM,"Benami Proxy, Dc Underinvoicing, File Trading",10979479.0
PK-0154,Ayesha Qureshi,Karachi,"House 107, Nazimabad, Karachi",UNKNOWN,0326-1898244,240000.0,24000.0,Non-ATL,Student,Rental,Foreign Remittance,4,True,FBR-1219,1,3000.0,Toyota Land Cruiser,Local,0.0,2019,1,7207391.0,10.0,Registry,,Approved,1,2,2025,,20101.0,241212.0,22207391.0,62.9,MEDIUM,"Benami Proxy, Dc Underinvoicing, Hawala Signature",22207391.0
PK-0155,Waseem Raza,Karachi,"House 22, DHA, Karachi",UNKNOWN,0332-5230020,1800000.0,180000.0,Non-ATL,Engineer,Salary,Foreign Remittance,3,False,FBR-1220,1,1800.0,Toyota Corolla Grande,Local,0.0,2021,1,6200909.0,20.0,Registry,,Approved,1,2,2025,,32670.0,392040.0,11200909.0,38.0,LOW,"Dc Underinvoicing, Section 111 Abuse, Nonfiler Surcharge",11200909.0
PK-0156,Hamza Siddiqui,Karachi,"House 131, Nazimabad, Karachi",UNKNOWN,0333-9192922,240000.0,24000.0,Non-ATL,Businessman,Rental,Foreign Remittance,1,False,FBR-1431,2,3000.0,Toyota Land Cruiser,Imported,0.0,2017,1,20442512.0,7.0,Allotment Letter,,Unapproved,1,2,2025,,37415.5,448986.0,50442512.0,64.4,MEDIUM,"Hawala Signature, Dc Underinvoicing, Section 111 Abuse",50442512.0
PK-0157,Hina Chaudhry,Karachi,"House 17, Hayatabad, Karachi",UNKNOWN,0322-6030580,0.0,0.0,Non-ATL,Doctor,Business,Prize Bond,6,True,FBR-1222,1,2000.0,Toyota Prado,Local,0.0,2015,1,11618781.0,20.0,Allotment Letter,,Approved,1,2,2025,,54627.0,655524.0,19618781.0,62.1,MEDIUM,"Dc Underinvoicing, Benami Proxy, File Trading",19618781.0
PK-0158,Waseem Malik,Islamabad,"House 44, Gulberg, Islamabad",UNKNOWN,0330-9746938,0.0,0.0,Non-ATL,Engineer,Salary,Prize Bond,0,False,FBR-1226,2,2000.0,Toyota Prado,Local,0.0,2020,1,20856537.0,14.0,Transfer Letter,,Approved,1,2,2025,,39939.0,479268.0,36856537.0,61.8,MEDIUM,"Hawala Signature, Dc Underinvoicing, Benami Proxy",36856537.0
PK-0159,Nadia Qureshi,Karachi,"House 80, G-10, Karachi",UNKNOWN,0331-6603712,480000.0,48000.0,Non-ATL,Housewife,Agriculture,Savings,0,True,FBR-1227,1,1800.0,Toyota Corolla Grande,Local,0.0,2017,1,23900969.0,7.0,Allotment Letter,,Unapproved,1,2,2025,,53693.0,644316.0,28900969.0,60.9,MEDIUM,"Benami Proxy, Dc Underinvoicing, Hawala Signature",28900969.0
PK-0160,Waseem Bibi,Rawalpindi,"House 105, G-10, Rawalpindi",UNKNOWN,0328-2874552,960000.0,96000.0,Non-ATL,Retired,Prize Bond,Savings,5,True,FBR-1325,2,1800.0,Honda Civic,Imported,0.0,2020,1,28842576.0,14.0,Registry,,Approved,1,2,2025,,28809.0,345708.0,38842576.0,56.2,MEDIUM,"Benami Proxy, Dc Underinvoicing, Nonfiler Surcharge",38842576.0
PK-0161,Tariq Bibi,Faisalabad,"House 53, Nazimabad, Faisalabad",UNKNOWN,0316-1715966,480000.0,48000.0,Non-ATL,Engineer,Business,Savings,4,True,FBR-1486,2,1300.0,Suzuki Alto,Local,0.0,2019,2,31008821.0,40.0,File,,Pending,2,2,2025,,39493.0,473916.0,37008821.0,64.0,MEDIUM,"Dc Underinvoicing, Hawala Signature, File Trading",37008821.0
PK-0162,Nadia Nawaz,Peshawar,"House 75, Johar Town, Peshawar",UNKNOWN,0313-8593071,1800000.0,180000.0,ATL,Businessman,Agriculture,Savings,0,True,FBR-1345,2,1800.0,Honda City,Imported,0.0,2020,1,19988838.0,20.0,Registry,,Pending,1,2,2025,,43753.5,525042.0,29988838.0,41.2,LOW,"Dc Underinvoicing, Illegal Society, Agri Shield",29988838.0
PK-0163,Ayesha Bibi,Islamabad,"House 150, Bahria Town, Islamabad",UNKNOWN,0315-6763058,1800000.0,180000.0,ATL,Engineer,Agriculture,Prize Bond,0,True,FBR-1233,1,1500.0,Toyota Yaris,Local,0.0,2020,1,27163352.0,20.0,Transfer Letter,,Approved,1,2,2025,,42531.0,510372.0,30163352.0,35.7,LOW,"Dc Underinvoicing, Agri Shield, File Trading",30163352.0
PK-0164,Zainab Siddiqui,Islamabad,"House 96, Hayatabad, Islamabad",UNKNOWN,0328-9146763,240000.0,24000.0,Non-ATL,Housewife,Rental,Foreign Remittance,4,True,FBR-1445,1,1000.0,Suzuki WagonR,Imported,0.0,2016,1,4122295.0,10.0,Registry,,Pending,1,2,2025,,45579.0,546948.0,6322295.0,52.4,MEDIUM,"Benami Proxy, Dc Underinvoicing, Illegal Society",6322295.0
PK-0165,Fatima Nawaz,Karachi,"House 127, Clifton, Karachi",UNKNOWN,0343-2563937,480000.0,48000.0,Non-ATL,Clerk,Salary,Gift,1,True,FBR-1238,1,2000.0,Toyota Prado,Local,0.0,2018,1,29320808.0,20.0,File,,Unapproved,1,2,2025,,42342.0,508104.0,37320808.0,60.3,MEDIUM,"Benami Proxy, Dc Underinvoicing, Hawala Signature",37320808.0
PK-0166,Ali Rizvi,Karachi,"House 122, Hayatabad, Karachi",UNKNOWN,0315-8142689,1800000.0,180000.0,ATL,Businessman,Salary,Gift,0,False,FBR-1240,1,660.0,Suzuki Alto,Imported,0.0,2023,1,5440588.0,7.0,Registry,,Approved,1,2,2025,,10730.0,128760.0,6240588.0,31.8,LOW,"Dc Underinvoicing, Gift Declaration",6240588.0
PK-0167,Bilal Raza,Islamabad,"House 72, Hayatabad, Islamabad",UNKNOWN,0327-6147226,240000.0,24000.0,Non-ATL,Businessman,Agriculture,Foreign Remittance,0,True,FBR-1241,1,660.0,Suzuki Alto,Local,0.0,2020,1,25469132.0,5.0,Allotment Letter,,Approved,1,2,2025,,55432.0,665184.0,26269132.0,64.3,MEDIUM,"Dc Underinvoicing, Hawala Signature, Section 111 Abuse",26269132.0
PK-0168,Ayesha Butt,Lahore,"House 50, G-10, Lahore",UNKNOWN,0319-2004601,960000.0,96000.0,ATL,Housewife,Rental,Foreign Remittance,0,True,FBR-1245,2,1300.0,Toyota Corolla,Local,0.0,2026,2,31353676.0,17.0,Registry,,Unapproved,2,2,2025,,33484.0,401808.0,37353676.0,64.6,MEDIUM,"Benami Proxy, Dc Underinvoicing, Section 111 Abuse",37353676.0
PK-0169,Tariq Malik,Lahore,"House 87, F-7, Lahore",UNKNOWN,0321-4412252,3000000.0,300000.0,ATL,Retired,Rental,Prize Bond,0,True,FBR-1470,1,2700.0,Toyota Fortuner,Imported,0.0,2018,1,13936168.0,14.0,Registry,,Pending,1,2,2025,,20286.0,243432.0,23936168.0,57.6,MEDIUM,"Benami Proxy, Dc Underinvoicing, Illegal Society",23936168.0
PK-0170,Usman Sheikh,Islamabad,"House 116, Nazimabad, Islamabad",UNKNOWN,0343-5137848,1800000.0,180000.0,ATL,Teacher,Rental,Gift,0,True,FBR-1250,1,2000.0,Toyota Prado,Local,0.0,2026,1,3044574.0,14.0,Registry,,Pending,1,2,2025,,56378.0,676536.0,11044574.0,39.7,LOW,"Dc Underinvoicing, Gift Declaration, Illegal Society",11044574.0
PK-0171,Nadia Khan,Rawalpindi,"House 33, F-7, Rawalpindi",UNKNOWN,0320-3943165,3000000.0,300000.0,Non-ATL,Housewife,Salary,Prize Bond,3,True,FBR-1251,1,1000.0,Suzuki WagonR,Local,0.0,2017,0,0.0,0.0,,,Approved,0,2,2020,,11557.0,138684.0,2200000.0,13.3,COMPLIANT,Benami Proxy,2200000.0
PK-0172,Hina Qureshi,Karachi,"House 2, Hayatabad, Karachi",UNKNOWN,0322-2357487,960000.0,96000.0,Non-ATL,Teacher,Prize Bond,Gift,6,False,FBR-1413,1,660.0,Suzuki Alto,Imported,0.0,2016,0,0.0,0.0,,,Approved,0,2,2020,,11588.0,139056.0,800000.0,0.2,COMPLIANT,Lifestyle / Income Mismatch,800000.0
PK-0173,Zubair Sheikh,Rawalpindi,"House 116, Clifton, Rawalpindi",UNKNOWN,0326-4739700,960000.0,96000.0,ATL,Clerk,Agriculture,Gift,0,True,FBR-1259,1,1500.0,Toyota Yaris,Local,0.0,2023,0,0.0,0.0,,,Approved,0,2,2020,,12218.0,146616.0,3000000.0,20.0,COMPLIANT,Benami Proxy,3000000.0
PK-0174,Ahmed Siddiqui,Faisalabad,"House 84, Nazimabad, Faisalabad",UNKNOWN,0346-8452814,240000.0,24000.0,Non-ATL,Doctor,Prize Bond,Gift,5,True,FBR-1261,1,1000.0,Suzuki WagonR,Local,0.0,2024,0,0.0,0.0,,,Approved,0,2,2020,,47535.0,570420.0,2200000.0,8.3,COMPLIANT,Lifestyle / Income Mismatch,2200000.0
PK-0175,Ali Bibi,Faisalabad,"House 72, Hayatabad, Faisalabad",UNKNOWN,0319-5780434,3000000.0,300000.0,ATL,Driver,Salary,Savings,0,True,FBR-1499,1,1500.0,Toyota Yaris,Imported,0.0,2022,0,0.0,0.0,,,Approved,0,2,2020,,28132.0,337584.0,3000000.0,13.4,COMPLIANT,Benami Proxy,3000000.0
PK-0176,Sana Bibi,Peshawar,"House 66, Nazimabad, Peshawar",UNKNOWN,0322-5920894,480000.0,48000.0,Non-ATL,Housewife,Business,Gift,3,True,FBR-1263,1,1800.0,Honda Civic,Imported,0.0,2017,0,0.0,0.0,,,Approved,0,2,2020,,51890.0,622680.0,5000000.0,27.4,LOW,"Benami Proxy, Nonfiler Surcharge",5000000.0
PK-0177,Ali Chaudhry,Karachi,"House 76, Hayatabad, Karachi",UNKNOWN,0347-9309421,3000000.0,300000.0,Non-ATL,Engineer,Prize Bond,Prize Bond,1,False,FBR-1270,2,2000.0,Toyota Prado,Local,0.0,2019,0,0.0,0.0,,,Approved,0,2,2020,,34177.0,410124.0,16000000.0,19.9,COMPLIANT,Nonfiler Surcharge,16000000.0
PK-0178,Sana Qureshi,Karachi,"House 74, Pechs, Karachi",UNKNOWN,0311-5475571,240000.0,24000.0,Non-ATL,Businessman,Rental,Prize Bond,6,True,FBR-1269,2,1000.0,Suzuki Alto,Local,0.0,2025,0,0.0,0.0,,,Approved,0,2,2020,,30504.33333333333,366052.0,4400000.0,22.6,COMPLIANT,Nonfiler Surcharge,4400000.0
PK-0179,Sana Butt,Islamabad,"House 85, Johar Town, Islamabad",UNKNOWN,0346-2759650,3000000.0,300000.0,ATL,Housewife,Agriculture,Cash,0,False,FBR-1274,1,1300.0,Toyota Corolla,Local,0.0,2015,0,0.0,0.0,,,Approved,0,2,2020,,44435.0,533220.0,3000000.0,13.4,COMPLIANT,Benami Proxy,3000000.0
PK-0180,Ali Hassan,Faisalabad,"House 47, Clifton, Faisalabad",UNKNOWN,0317-6496997,480000.0,48000.0,Non-ATL,Doctor,Salary,Cash,2,True,FBR-1282,1,2000.0,Toyota Prado,Imported,0.0,2018,0,0.0,0.0,,,Approved,0,2,2020,,11775.0,141300.0,8000000.0,15.9,COMPLIANT,Nonfiler Surcharge,8000000.0
PK-0181,Zainab Mirza,Faisalabad,"House 107, Nazimabad, Faisalabad",UNKNOWN,0325-6182735,1800000.0,180000.0,Non-ATL,Teacher,Salary,Cash,3,True,FBR-1387,1,1300.0,Toyota Corolla,Local,0.0,2018,0,0.0,0.0,,,Approved,0,2,2020,,26735.0,320820.0,3000000.0,5.3,COMPLIANT,Lifestyle / Income Mismatch,3000000.0
PK-0182,Sana Javed,Peshawar,"House 7, Gulberg, Peshawar",UNKNOWN,0335-2027468,480000.0,48000.0,Non-ATL,Retired,Business,Foreign Remittance,5,True,FBR-1284,1,2700.0,Toyota Fortuner,Local,0.0,2016,0,0.0,0.0,,,Approved,0,2,2020,,59216.0,710592.0,10000000.0,45.0,MEDIUM,"Benami Proxy, Nonfiler Surcharge",10000000.0
PK-0183,Muhammad Raza,Lahore,"House 109, Hayatabad, Lahore",UNKNOWN,0311-5915723,0.0,0.0,Non-ATL,Unemployed,Agriculture,Cash,4,False,FBR-1285,1,1800.0,Honda Civic,Local,0.0,2024,0,0.0,0.0,,,Approved,0,2,2020,,37675.0,452100.0,5000000.0,35.7,LOW,"Benami Proxy, Nonfiler Surcharge",5000000.0
PK-0184,Sana Sheikh,Peshawar,"House 40, Nazimabad, Peshawar",UNKNOWN,0317-6487114,240000.0,24000.0,Non-ATL,Businessman,Business,Prize Bond,0,False,FBR-1286,1,1000.0,Suzuki WagonR,Local,0.0,2020,0,0.0,0.0,,,Approved,0,2,2020,,31680.0,380160.0,2200000.0,6.7,COMPLIANT,Lifestyle / Income Mismatch,2200000.0
PK-0185,Amna Khan,Peshawar,"House 147, Johar Town, Peshawar",UNKNOWN,0324-1779527,0.0,0.0,Non-ATL,Housewife,Salary,Prize Bond,5,False,FBR-1288,1,1300.0,Honda City,Imported,0.0,2019,0,0.0,0.0,,,Approved,0,2,2020,,35111.0,421332.0,3000000.0,21.7,COMPLIANT,Benami Proxy,3000000.0
PK-0186,Nadia Chaudhry,Islamabad,"House 53, Hayatabad, Islamabad",UNKNOWN,0347-9582690,480000.0,48000.0,Non-ATL,Retired,Business,Prize Bond,4,False,FBR-1362,1,1500.0,Toyota Yaris,Local,0.0,2017,0,0.0,0.0,,,Approved,0,2,2020,,29028.5,348342.0,3000000.0,17.7,COMPLIANT,Benami Proxy,3000000.0
PK-0187,Waseem Iqbal,Karachi,"House 91, Clifton, Karachi",UNKNOWN,0341-5581831,0.0,0.0,Non-ATL,Teacher,Business,Gift,5,False,FBR-1409,1,1000.0,Suzuki WagonR,Local,0.0,2019,0,0.0,0.0,,,Approved,0,2,2020,,34632.0,415584.0,2200000.0,8.7,COMPLIANT,Lifestyle / Income Mismatch,2200000.0
PK-0188,Sana Khan,Islamabad,"House 31, Pechs, Islamabad",UNKNOWN,0346-5767248,3000000.0,300000.0,Non-ATL,Retired,Agriculture,Foreign Remittance,0,False,FBR-1352,1,660.0,Suzuki Alto,Imported,0.0,2023,0,0.0,0.0,,,Approved,0,2,2020,,37071.5,444858.0,800000.0,0.2,COMPLIANT,Lifestyle / Income Mismatch,800000.0
PK-0189,Tariq Mirza,Karachi,"House 110, Bahria Town, Karachi",UNKNOWN,0315-4688803,240000.0,24000.0,Non-ATL,Retired,Salary,Foreign Remittance,6,True,FBR-1302,1,1300.0,Honda City,Local,0.0,2026,0,0.0,0.0,,,Approved,0,2,2020,,58616.0,703392.0,3000000.0,23.2,COMPLIANT,Benami Proxy,3000000.0
PK-0190,Saima Hassan,Faisalabad,"House 64, G-10, Faisalabad",UNKNOWN,0315-2629571,480000.0,48000.0,Non-ATL,Clerk,Prize Bond,Savings,5,True,FBR-1303,1,1800.0,Toyota Corolla Grande,Local,0.0,2022,0,0.0,0.0,,,Approved,0,2,2020,,54854.0,658248.0,5000000.0,32.8,LOW,"Benami Proxy, Nonfiler Surcharge",5000000.0
PK-0191,Bilal Rizvi,Peshawar,"House 54, F-7, Peshawar",UNKNOWN,0314-9554264,0.0,0.0,Non-ATL,Businessman,Agriculture,Cash,1,True,FBR-1318,3,2700.0,Suzuki WagonR,Local,0.0,2026,0,0.0,0.0,,,Approved,0,2,2020,,42466.333333333336,509596.0,30000000.0,71.6,HIGH,"Hawala Signature, Benami Proxy, Agri Shield",30000000.0
PK-0192,Saima Iqbal,Peshawar,"House 17, Nazimabad, Peshawar",UNKNOWN,0328-7584374,1800000.0,180000.0,ATL,Engineer,Business,Savings,0,False,FBR-1385,1,660.0,Suzuki Alto,Local,0.0,2015,0,0.0,0.0,,,Approved,0,2,2020,,17034.0,204408.0,800000.0,0.1,COMPLIANT,Lifestyle / Income Mismatch,800000.0
PK-0193,Amna Butt,Peshawar,"House 120, Nazimabad, Peshawar",UNKNOWN,0343-3553054,0.0,0.0,Non-ATL,Retired,Rental,Savings,4,True,FBR-1317,1,2000.0,Toyota Prado,Imported,0.0,2026,0,0.0,0.0,,,Approved,0,2,2020,,54178.0,650136.0,8000000.0,47.9,MEDIUM,"Benami Proxy, Nonfiler Surcharge",8000000.0
PK-0194,Fatima Baig,Rawalpindi,"House 38, DHA, Rawalpindi",UNKNOWN,0318-5639238,1800000.0,180000.0,ATL,Retired,Business,Cash,0,True,FBR-1468,1,2700.0,Toyota Fortuner,Imported,0.0,2023,0,0.0,0.0,,,Approved,0,2,2020,,22994.0,275928.0,10000000.0,28.9,LOW,Benami Proxy,10000000.0
PK-0195,Zubair Hassan,Islamabad,"House 80, Johar Town, Islamabad",UNKNOWN,0333-1926011,240000.0,24000.0,Non-ATL,Doctor,Prize Bond,Savings,2,True,FBR-1324,1,2000.0,Toyota Prado,Local,0.0,2020,0,0.0,0.0,,,Approved,0,2,2020,,30329.0,363948.0,8000000.0,15.6,COMPLIANT,Nonfiler Surcharge,8000000.0
PK-0196,Ahmed Qureshi,Karachi,"House 83, Johar Town, Karachi",UNKNOWN,0338-6239126,960000.0,96000.0,ATL,Teacher,Salary,Cash,0,True,FBR-1326,1,660.0,Suzuki Alto,Local,0.0,2022,0,0.0,0.0,,,Approved,0,2,2020,,32565.0,390780.0,800000.0,0.4,COMPLIANT,Lifestyle / Income Mismatch,800000.0
PK-0197,Zubair Butt,Karachi,"House 103, Bahria Town, Karachi",UNKNOWN,0323-8023288,480000.0,48000.0,Non-ATL,Unemployed,Business,Gift,5,True,FBR-1452,1,1300.0,Honda City,Local,0.0,2018,0,0.0,0.0,,,Approved,0,2,2020,,40407.0,484884.0,3000000.0,18.1,COMPLIANT,Benami Proxy,3000000.0
PK-0198,Ayesha Mirza,Rawalpindi,"House 145, Johar Town, Rawalpindi",UNKNOWN,0348-8694042,1800000.0,180000.0,Non-ATL,Clerk,Prize Bond,Foreign Remittance,5,True,FBR-1330,1,3000.0,Toyota Land Cruiser,Local,0.0,2016,0,0.0,0.0,,,Approved,0,2,2020,,8041.0,96492.0,15000000.0,56.6,MEDIUM,"Benami Proxy, Nonfiler Surcharge, Section 111 Abuse",15000000.0
PK-0199,Usman Javed,Faisalabad,"House 150, Bahria Town, Faisalabad",UNKNOWN,0333-1212560,960000.0,96000.0,ATL,Housewife,Rental,Cash,0,False,FBR-1407,1,660.0,Suzuki Alto,Imported,0.0,2026,0,0.0,0.0,,,Approved,0,2,2020,,45752.0,549024.0,800000.0,0.6,COMPLIANT,Lifestyle / Income Mismatch,800000.0
PK-0200,Bilal Iqbal,Karachi,"House 51, Johar Town, Karachi",UNKNOWN,0341-1160589,1800000.0,180000.0,ATL,Unemployed,Prize Bond,Prize Bond,0,True,FBR-1332,1,3000.0,Toyota Land Cruiser,Local,0.0,2018,0,0.0,0.0,,,Approved,0,2,2020,,51764.0,621168.0,15000000.0,30.6,LOW,Benami Proxy,15000000.0
PK-0201,Nadia Ahmed,Rawalpindi,"House 113, F-7, Rawalpindi",UNKNOWN,0338-4007994,480000.0,48000.0,Non-ATL,Unemployed,Business,Foreign Remittance,5,True,FBR-1339,1,1800.0,Toyota Corolla Grande,Local,0.0,2026,0,0.0,0.0,,,Approved,0,2,2020,,29236.0,350832.0,5000000.0,30.8,LOW,"Benami Proxy, Nonfiler Surcharge",5000000.0
PK-0202,Imran Malik,Karachi,"House 16, Hayatabad, Karachi",UNKNOWN,0316-4817937,960000.0,96000.0,ATL,Driver,Salary,Savings,0,False,FBR-1489,1,1800.0,Honda Civic,Local,0.0,2017,0,0.0,0.0,,,Approved,0,2,2020,,8226.0,98712.0,5000000.0,21.1,COMPLIANT,Benami Proxy,5000000.0
PK-0203,Waseem Qureshi,Peshawar,"House 25, Johar Town, Peshawar",UNKNOWN,0325-6358027,960000.0,96000.0,Non-ATL,Retired,Agriculture,Prize Bond,0,True,FBR-1344,1,1800.0,Honda Civic,Local,0.0,2020,0,0.0,0.0,,,Approved,0,2,2020,,50950.0,611400.0,5000000.0,26.7,LOW,"Benami Proxy, Nonfiler Surcharge",5000000.0
PK-0204,Zainab Khan,Lahore,"House 30, Pechs, Lahore",UNKNOWN,0323-1035575,960000.0,96000.0,ATL,Housewife,Agriculture,Cash,0,True,FBR-1369,1,2700.0,Toyota Fortuner,Imported,0.0,2019,0,0.0,0.0,,,Approved,0,2,2020,,34102.5,409230.0,10000000.0,27.9,LOW,Benami Proxy,10000000.0
PK-0205,Amna Mirza,Islamabad,"House 110, G-10, Islamabad",UNKNOWN,0338-4073900,0.0,0.0,Non-ATL,Clerk,Rental,Gift,2,True,FBR-1353,0,0.0,,Local,0.0,2020,0,0.0,0.0,,,Approved,0,2,2020,,17396.0,208752.0,0.0,1.3,COMPLIANT,Lifestyle / Income Mismatch,0.0
PK-0206,Nadia Abbasi,Peshawar,"House 6, Pechs, Peshawar",UNKNOWN,0321-2131856,3000000.0,300000.0,Non-ATL,Businessman,Business,Prize Bond,4,True,FBR-1366,0,0.0,,Local,0.0,2020,0,0.0,0.0,,,Approved,0,2,2020,,27588.5,331062.0,0.0,0.1,COMPLIANT,Lifestyle / Income Mismatch,0.0
PK-0207,Bilal Khan,Rawalpindi,"House 41, Nazimabad, Rawalpindi",UNKNOWN,0340-2462649,240000.0,24000.0,Non-ATL,Teacher,Agriculture,Savings,5,True,FBR-1358,0,0.0,,Local,0.0,2020,0,0.0,0.0,,,Approved,0,2,2020,,49070.0,588840.0,0.0,2.3,COMPLIANT,Lifestyle / Income Mismatch,0.0
PK-0208,Saima Raza,Lahore,"House 20, Nazimabad, Lahore",UNKNOWN,0315-2569625,0.0,0.0,Non-ATL,Retired,Agriculture,Prize Bond,0,False,FBR-1364,0,0.0,,Local,0.0,2020,0,0.0,0.0,,,Approved,0,2,2020,,30526.0,366312.0,0.0,2.2,COMPLIANT,Lifestyle / Income Mismatch,0.0
PK-0209,Sana Raza,Karachi,"House 33, G-10, Karachi",UNKNOWN,0310-8385605,3000000.0,300000.0,ATL,Housewife,Prize Bond,Gift,0,True,FBR-1371,0,0.0,,Local,0.0,2020,0,0.0,0.0,,,Approved,0,2,2020,,39404.0,472848.0,0.0,0.2,COMPLIANT,Lifestyle / Income Mismatch,0.0
PK-0210,Hina Javed,Peshawar,"House 101, DHA, Peshawar",UNKNOWN,0328-2116687,0.0,0.0,Non-ATL,Teacher,Rental,Prize Bond,2,True,FBR-1374,0,0.0,,Local,0.0,2020,0,0.0,0.0,,,Approved,0,2,2020,,21333.0,255996.0,0.0,1.6,COMPLIANT,Lifestyle / Income Mismatch,0.0
PK-0211,Ahmed Abbasi,Rawalpindi,"House 74, Johar Town, Rawalpindi",UNKNOWN,0343-2515773,960000.0,96000.0,ATL,Businessman,Rental,Savings,0,False,FBR-1375,0,0.0,,Local,0.0,2020,0,0.0,0.0,,,Approved,0,2,2020,,35798.0,429576.0,0.0,0.4,COMPLIANT,Lifestyle / Income Mismatch,0.0
PK-0212,Ayesha Raza,Karachi,"House 13, Hayatabad, Karachi",UNKNOWN,0345-6903048,480000.0,48000.0,Non-ATL,Unemployed,Agriculture,Savings,4,True,FBR-1440,0,0.0,,Local,0.0,2020,0,0.0,0.0,,,Approved,0,2,2020,,37099.5,445194.0,0.0,0.9,COMPLIANT,Lifestyle / Income Mismatch,0.0
PK-0213,Fatima Malik,Rawalpindi,"House 103, Hayatabad, Rawalpindi",UNKNOWN,0339-4820440,480000.0,48000.0,Non-ATL,Driver,Agriculture,Gift,4,True,FBR-1386,0,0.0,,Local,0.0,2020,0,0.0,0.0,,,Approved,0,2,2020,,12818.0,153816.0,0.0,0.3,COMPLIANT,Lifestyle / Income Mismatch,0.0
PK-0214,Imran Khan,Lahore,"House 129, F-7, Lahore",UNKNOWN,0317-3100931,960000.0,96000.0,ATL,Engineer,Agriculture,Gift,0,True,FBR-1390,0,0.0,,Local,0.0,2020,0,0.0,0.0,,,Approved,0,2,2020,,52624.0,631488.0,0.0,0.7,COMPLIANT,Lifestyle / Income Mismatch,0.0
PK-0215,Hamza Khan,Peshawar,"House 97, Pechs, Peshawar",UNKNOWN,0346-1786656,240000.0,24000.0,Non-ATL,Student,Agriculture,Prize Bond,3,True,FBR-1398,0,0.0,,Local,0.0,2020,0,0.0,0.0,,,Approved,0,2,2020,,59032.0,708384.0,0.0,2.8,COMPLIANT,Lifestyle / Income Mismatch,0.0
PK-0216,Zubair Baig,Faisalabad,"House 82, Pechs, Faisalabad",UNKNOWN,0314-5468577,3000000.0,300000.0,ATL,Clerk,Rental,Foreign Remittance,0,False,FBR-1406,0,0.0,,Local,0.0,2020,0,0.0,0.0,,,Approved,0,2,2020,,21916.0,262992.0,0.0,0.1,COMPLIANT,Lifestyle / Income Mismatch,0.0
PK-0217,Hina Mirza,Rawalpindi,"House 7, Gulberg, Rawalpindi",UNKNOWN,0339-7470129,1800000.0,180000.0,Non-ATL,Engineer,Rental,Savings,4,True,FBR-1415,0,0.0,,Local,0.0,2020,0,0.0,0.0,,,Approved,0,2,2020,,59407.0,712884.0,0.0,0.4,COMPLIANT,Lifestyle / Income Mismatch,0.0
PK-0218,Hamza Baig,Peshawar,"House 124, DHA, Peshawar",UNKNOWN,0338-6837195,240000.0,24000.0,Non-ATL,Driver,Rental,Savings,5,False,FBR-1416,0,0.0,,Local,0.0,2020,0,0.0,0.0,,,Approved,0,2,2020,,55816.0,669792.0,0.0,2.7,COMPLIANT,Lifestyle / Income Mismatch,0.0
PK-0219,Muhammad Javed,Karachi,"House 38, G-10, Karachi",UNKNOWN,0331-3611876,960000.0,96000.0,ATL,Clerk,Prize Bond,Savings,0,True,FBR-1479,0,0.0,,Local,0.0,2020,0,0.0,0.0,,,Approved,0,2,2020,,41783.0,501396.0,0.0,0.5,COMPLIANT,Lifestyle / Income Mismatch,0.0
PK-0220,Sana Chaudhry,Peshawar,"House 54, Nazimabad, Peshawar",UNKNOWN,0332-6812819,480000.0,48000.0,Non-ATL,Student,Agriculture,Foreign Remittance,0,True,FBR-1426,0,0.0,,Local,0.0,2020,0,0.0,0.0,,,Approved,0,2,2020,,37824.0,453888.0,0.0,0.9,COMPLIANT,Lifestyle / Income Mismatch,0.0
PK-0221,Muhammad Abbasi,Faisalabad,"House 122, Johar Town, Faisalabad",UNKNOWN,0345-3503082,960000.0,96000.0,Non-ATL,Housewife,Rental,Foreign Remittance,3,False,FBR-1427,0,0.0,,Local,0.0,2020,0,0.0,0.0,,,Approved,0,2,2020,,30858.0,370296.0,0.0,0.4,COMPLIANT,Lifestyle / Income Mismatch,0.0
PK-0222,Zubair Malik,Islamabad,"House 94, Clifton, Islamabad",UNKNOWN,0342-8048684,960000.0,96000.0,Non-ATL,Retired,Prize Bond,Savings,0,True,FBR-1432,0,0.0,,Local,0.0,2020,0,0.0,0.0,,,Approved,0,2,2020,,27067.0,324804.0,0.0,0.4,COMPLIANT,Lifestyle / Income Mismatch,0.0
PK-0223,Usman Chaudhry,Lahore,"House 83, Bahria Town, Lahore",UNKNOWN,0314-5327875,3000000.0,300000.0,ATL,Housewife,Business,Foreign Remittance,0,True,FBR-1439,0,0.0,,Local,0.0,2020,0,0.0,0.0,,,Approved,0,2,2020,,22601.0,271212.0,0.0,0.1,COMPLIANT,Lifestyle / Income Mismatch,0.0
PK-0224,Zubair Chaudhry,Faisalabad,"House 20, Nazimabad, Faisalabad",UNKNOWN,0318-5348729,0.0,0.0,Non-ATL,Housewife,Prize Bond,Foreign Remittance,1,True,FBR-1446,0,0.0,,Local,0.0,2020,0,0.0,0.0,,,Approved,0,2,2020,,54424.0,653088.0,0.0,3.9,COMPLIANT,Lifestyle / Income Mismatch,0.0
PK-0225,Hamza Hassan,Rawalpindi,"House 135, Johar Town, Rawalpindi",UNKNOWN,0312-6849868,240000.0,24000.0,Non-ATL,Student,Rental,Gift,0,False,FBR-1458,0,0.0,,Local,0.0,2020,0,0.0,0.0,,,Approved,0,2,2020,,0.0,0.0,0.0,0.0,COMPLIANT,Lifestyle / Income Mismatch,0.0
PK-0226,Fatima Hassan,Faisalabad,"House 3, Bahria Town, Faisalabad",UNKNOWN,0348-6864507,480000.0,48000.0,Non-ATL,Businessman,Salary,Prize Bond,1,False,FBR-1459,0,0.0,,Local,0.0,2020,0,0.0,0.0,,,Approved,0,2,2020,,0.0,0.0,0.0,0.0,COMPLIANT,Lifestyle / Income Mismatch,0.0
PK-0227,Bilal Qureshi,Lahore,"House 63, Hayatabad, Lahore",UNKNOWN,0311-1990351,960000.0,96000.0,ATL,Unemployed,Prize Bond,Gift,0,True,FBR-1471,0,0.0,,Local,0.0,2020,0,0.0,0.0,,,Approved,0,2,2020,,0.0,0.0,0.0,0.0,COMPLIANT,Lifestyle / Income Mismatch,0.0
PK-0228,Ali Nawaz,Lahore,"House 49, Gulberg, Lahore",UNKNOWN,0341-7768248,240000.0,24000.0,Non-ATL,Businessman,Business,Cash,4,True,FBR-1473,0,0.0,,Local,0.0,2020,0,0.0,0.0,,,Approved,0,2,2020,,0.0,0.0,0.0,0.0,COMPLIANT,Lifestyle / Income Mismatch,0.0
PK-0229,Tariq Sheikh,Karachi,"House 114, Nazimabad, Karachi",UNKNOWN,0338-6786827,960000.0,96000.0,ATL,Engineer,Business,Prize Bond,0,False,FBR-1482,0,0.0,,Local,0.0,2020,0,0.0,0.0,,,Approved,0,2,2020,,0.0,0.0,0.0,0.0,COMPLIANT,Lifestyle / Income Mismatch,0.0
PK-0230,Muhammad Siddiqui,Islamabad,"House 142, Nazimabad, Islamabad",UNKNOWN,0337-4044871,3000000.0,300000.0,ATL,Retired,Business,Gift,0,False,FBR-1488,0,0.0,,Local,0.0,2020,0,0.0,0.0,,,Approved,0,2,2020,,0.0,0.0,0.0,0.0,COMPLIANT,Lifestyle / Income Mismatch,0.0
PK-0231,Abdul Razzaq,Karachi,"Tariq Road, Karachi",UNKNOWN,,0.0,0.0,Non-ATL,,,,0,False,,0,0.0,,Local,0.0,2020,1,65000000.0,30.0,Registry,,Approved,1,2,2025,,180000.0,2160000.0,65000000.0,84.6,CRITICAL,"Hawala Signature, Dc Underinvoicing, Benami Proxy",65000000.0
PK-0232,Malik Pervaiz,Faisalabad,"Block B, Green Valley Housing Scheme, Faisalabad",UNKNOWN,,0.0,0.0,Non-ATL,,,,0,False,,0,0.0,,Local,0.0,2020,0,0.0,0.0,,,Approved,0,2,2020,,45000.0,540000.0,0.0,3.2,COMPLIANT,Lifestyle / Income Mismatch,0.0
PK-0233,Haji Razzaq,Karachi,"Clifton Block 5, Karachi",UNKNOWN,,0.0,0.0,Non-ATL,,,,0,False,,0,0.0,,Local,0.0,2020,1,120000000.0,30.0,Registry,,Approved,1,2,2025,,0.0,0.0,120000000.0,78.6,HIGH,"Hawala Signature, Dc Underinvoicing, Benami Proxy",120000000.0
PK-0234,H. A. Razzaq,Karachi,"DHA Phase 2, Karachi",UNKNOWN,,0.0,0.0,Non-ATL,,,,0,False,,0,0.0,,Local,0.0,2020,1,55000000.0,20.0,Registry,,Approved,1,2,2025,,0.0,0.0,55000000.0,73.3,HIGH,"Hawala Signature, Dc Underinvoicing, Benami Proxy",55000000.0
PK-0235,Zafar Hussain,Faisalabad,"Block B, Green Valley Housing Scheme, Faisalabad",UNKNOWN,,0.0,0.0,Non-ATL,,,,0,False,,0,0.0,,Local,0.0,2020,1,9000000.0,10.0,File,,Unapproved,1,2,2025,,0.0,0.0,9000000.0,53.5,MEDIUM,"Dc Underinvoicing, File Trading, Illegal Society",9000000.0
PK-0236,Green Valley Enterprises Pvt Ltd,Faisalabad,"Block C, Green Valley Housing Scheme, Faisalabad",UNKNOWN,,0.0,0.0,Non-ATL,,,,0,False,,0,0.0,,Local,0.0,2020,1,25000000.0,20.0,Registry,,Pending,1,2,2025,,0.0,0.0,25000000.0,72.1,HIGH,"Hawala Signature, Dc Underinvoicing, Benami Proxy",25000000.0
